,0,1,2,3,4,5,6,7,8,9,10,11,12,13,14,15,16,17,18,19,20,21,22,23,24,25,26,27,28,29,30,31,32,33,34,35,36,37,38,39,40,41,42,43,44,45,46,47,48,49,50,51,52,53,54,55,56,57,58,59,60,61,62,63,64,65,66,67,68,69,70,71,72,73,74,75,76,77,78,79,80,81,82,83,84,85
0,-0.2352,-0.004623,-0.003963,0.00633,0.012115,-0.00543,-0.00421,0.02798,-0.00686,0.011185,-0.0004473,-0.01453,-0.02403,0.004234,0.005245,-0.007343,-0.0193,-0.004974,0.01542,0.01575,-0.01194,-0.00805,-0.0058,-0.005424,-0.010025,-0.004772,0.005512,0.01042,-0.01261,0.00876,0.01312,-0.00614,0.004173,-0.006023,0.01866,0.00804,0.01588,0.00986,0.00672,0.01138,0.001764,0.004208,-0.0002277,0.0084,0.006676,-0.01484,-0.01478,0.003647,0.00621,-0.003258,0.007328,-0.009735,-0.005146,-0.01105,-0.001762,0.01159,0.001184,-0.006542,-0.01698,0.00935,0.001038,-0.00417,-0.015564,-0.00658,-0.001822,-0.01368,-0.006016,0.00412,0.000503,-0.005043,-0.00441,-0.006046,0.0121,0.01167,-0.002485,0.008194,0.007565,-0.001027,-0.005,0.00359,0.00597,-0.006477,0.001652,0.013,0.00902,0.005733
1,-0.2355,-0.004555,-0.00371,0.006374,0.01214,-0.00545,-0.004337,0.028,-0.006958,0.011246,-0.0003216,-0.01437,-0.02388,0.004284,-0.007107,-0.00253,0.00258,-0.003191,-0.02005,-0.01494,-0.01546,-0.004658,-0.011856,-0.00811,0.005077,0.00747,-0.00933,-0.004242,-0.000502,0.006145,-0.005928,-0.01293,-0.01144,-0.02023,-0.007454,-0.002352,-0.001076,-0.003239,-0.00853,-0.001574,-0.00417,0.012566,-0.003561,-0.01469,-0.00799,-0.00808,0.02525,-0.007362,0.008705,-5.3e-06,-0.004963,-0.002724,-0.01072,-0.002071,0.00449,-0.005558,-0.007603,-0.01522,-0.00689,-0.004974,0.01509,0.01131,-0.001276,0.009155,0.00893,-0.0005636,-0.005848,0.003788,0.00401,-0.00579,0.0017605,0.01316,0.011,0.00656,0.0,0.0,0.0,0.0,0.0,0.0,0.0,0.0,0.0,0.0,0.0,0.0
2,-0.2355,-0.00453,-0.003696,0.00625,0.01215,-0.0054,-0.004227,0.02805,-0.006996,0.011406,-0.0003018,-0.014366,-0.0239,0.004406,-0.00715,-0.01659,-0.01636,-0.00875,0.0097,-0.007637,-0.01224,0.01031,0.006176,-0.003176,-0.005016,-0.0136,-0.01153,-0.013535,-0.01755,-0.02171,-0.014496,-0.011246,-0.01135,-0.01779,-0.007416,0.001608,0.00758,-0.007275,-0.008156,-0.00598,0.006855,0.01126,-0.002232,0.00887,0.00921,0.001542,-0.006508,0.005627,0.003777,-0.004833,0.001562,0.01493,0.00851,0.007137,0.0,0.0,0.0,0.0,0.0,0.0,0.0,0.0,0.0,0.0,0.0,0.0,0.0,0.0,0.0,0.0,0.0,0.0,0.0,0.0,0.0,0.0,0.0,0.0,0.0,0.0,0.0,0.0,0.0,0.0,0.0,0.0
3,-0.2355,-0.00453,-0.003696,0.00625,0.01215,-0.0054,-0.004227,0.02805,-0.006996,0.011406,-0.0003018,-0.014366,-0.0239,0.004406,-0.00351,-0.004707,-0.0109,-0.00537,0.01101,-0.004387,-0.003138,-0.0243,-0.01138,-0.01202,-0.002403,-0.004787,-0.001917,-0.007336,-0.01962,-0.01383,-0.012146,-0.004353,-0.00893,0.007614,0.01128,0.01516,0.00639,-0.006786,-0.006516,-0.001995,0.007763,0.01173,-0.002876,0.008446,0.00785,-0.0003066,-0.006344,0.004658,0.00256,-0.006935,0.000725,0.01309,0.00811,0.007103,0.0,0.0,0.0,0.0,0.0,0.0,0.0,0.0,0.0,0.0,0.0,0.0,0.0,0.0,0.0,0.0,0.0,0.0,0.0,0.0,0.0,0.0,0.0,0.0,0.0,0.0,0.0,0.0,0.0,0.0,0.0,0.0
4,-0.2355,-0.004555,-0.00371,0.006374,0.01214,-0.00545,-0.004337,0.028,-0.006958,0.011246,-0.0003216,-0.01437,-0.02388,0.004284,-0.00405,-0.007732,-0.01008,-0.007317,0.001175,0.002304,-0.00862,-0.00903,-0.0073,-0.000864,0.0085,0.005417,-0.02171,-0.00907,0.003098,-0.01342,-0.01219,-0.00891,-0.005375,-0.02095,-0.0254,0.001215,0.004776,-0.01036,-0.002254,-0.00889,-0.003162,-0.01127,-0.006817,-0.00552,0.002703,-0.002836,0.00627,0.0009623,0.00795,-0.00864,-0.010445,-0.00321,-0.007504,-0.001311,-0.004498,-0.00503,0.005676,0.01701,0.011314,-0.00101,0.00602,0.006638,0.0005016,-0.003275,0.001483,0.004948,-0.005974,0.001578,0.01357,0.0098,0.006374,0.0,0.0,0.0,0.0,0.0,0.0,0.0,0.0,0.0,0.0,0.0,0.0,0.0,0.0,0.0
5,-0.2354,-0.00448,-0.003937,0.006233,0.012115,-0.005375,-0.004223,0.02802,-0.007088,0.01132,-0.0002856,-0.01442,-0.02385,0.00437,-0.003876,-0.0002372,0.00963,0.000877,-0.00733,-0.00557,-0.003166,-0.009254,-0.00289,0.00837,-0.001895,0.007,-0.01472,-0.000939,-0.01978,-0.01379,0.006668,-0.003157,0.00776,-0.00635,-0.000938,-0.00363,0.01591,0.002293,-0.003567,-0.01207,-0.001031,8.756e-05,-0.00345,-0.01872,-0.00271,-0.006054,-0.01974,-0.002317,0.005363,-0.00243,0.00794,0.011,0.01419,0.01461,-0.002916,0.009254,0.00817,0.0009294,-0.00583,0.00512,0.004658,-0.00344,0.002481,0.016,0.00945,0.00834,0.0,0.0,0.0,0.0,0.0,0.0,0.0,0.0,0.0,0.0,0.0,0.0,0.0,0.0,0.0,0.0,0.0,0.0,0.0,0.0
6,-0.2354,-0.00456,-0.0038,0.00622,0.012054,-0.005295,-0.004257,0.02792,-0.00705,0.0113,-0.0004094,-0.01445,-0.02396,0.004208,-0.00352,-0.004745,-0.01085,-0.0198,0.002863,0.000851,-0.02344,-0.010475,-0.01535,-0.00293,-0.004345,-0.011604,-0.01936,-0.01656,-0.01184,-0.00846,-0.01706,-0.002947,-0.004875,0.001262,0.005253,-0.007454,-0.008446,-0.003132,0.00895,0.01143,-0.003904,0.00817,0.00796,-0.0008965,-0.00599,0.005146,0.00303,-0.007446,-0.0007906,0.0113,0.00688,0.00732,0.0,0.0,0.0,0.0,0.0,0.0,0.0,0.0,0.0,0.0,0.0,0.0,0.0,0.0,0.0,0.0,0.0,0.0,0.0,0.0,0.0,0.0,0.0,0.0,0.0,0.0,0.0,0.0,0.0,0.0,0.0,0.0,0.0,0.0
7,-0.2354,-0.00456,-0.0038,0.00622,0.012054,-0.005295,-0.004257,0.02792,-0.00705,0.0113,-0.0004094,-0.01445,-0.02396,0.004208,-0.00352,-0.004745,-0.01085,-0.003208,-0.013664,-0.0007825,-0.02644,-0.0115,-0.01599,-0.002043,-0.00277,-0.01157,-0.01941,-0.01329,-0.00761,-0.0282,-0.012596,-0.00925,-0.007046,-0.005913,0.005787,0.01182,-0.003166,0.00802,0.007042,0.000433,-0.0062,0.005424,0.002926,-0.00624,0.001012,0.0123,0.00685,0.007366,0.0,0.0,0.0,0.0,0.0,0.0,0.0,0.0,0.0,0.0,0.0,0.0,0.0,0.0,0.0,0.0,0.0,0.0,0.0,0.0,0.0,0.0,0.0,0.0,0.0,0.0,0.0,0.0,0.0,0.0,0.0,0.0,0.0,0.0,0.0,0.0,0.0,0.0
8,-0.2355,-0.00453,-0.003834,0.006428,0.0122,-0.005363,-0.00433,0.028,-0.006966,0.01135,-0.000404,-0.01434,-0.02397,0.004295,-0.003487,-0.004715,-0.01089,-0.0343,-0.00058,-0.00679,-0.02972,-0.0209,-0.01456,-0.00925,-0.00997,-0.00714,-0.0197,-0.01406,-0.00982,-0.04108,-0.0181,-0.00271,-0.000676,-0.00609,-0.0282,-0.03485,-0.011246,0.011566,-0.007523,-0.004322,-0.001233,-0.01627,-0.005604,-0.01942,1.8e-06,-0.01546,0.011215,0.0003996,-0.006763,-0.001914,-0.01466,-0.02975,-0.0385,-0.00883,0.001735,0.012764,0.01046,-0.00213,0.005653,0.007477,-0.001532,-0.00424,0.002897,0.004223,-0.005535,-1.99e-05,0.01285,0.00851,0.007656,0.0,0.0,0.0,0.0,0.0,0.0,0.0,0.0,0.0,0.0,0.0,0.0,0.0,0.0,0.0,0.0,0.0
