,0,1,2,3,4,5,6,7,8,9,10,11,12,13,14,15,16,17,18,19,20,21,22,23,24,25,26,27,28,29,30,31,32,33,34,35,36,37,38,39,40,41,42,43,44,45,46,47,48,49,50,51,52,53,54,55,56,57,58,59,60,61,62,63,64,65,66,67,68,69,70,71,72,73,74,75,76,77,78,79,80,81,82,83,84,85,86,87,88,89,90,91,92,93
0,-1.032,-0.004154,-0.004906,-0.00581,-0.03662,-0.007515,-0.02858,-0.02394,-0.00784,-0.01411,-0.006557,-0.02151,-0.01746,0.00857,-0.02332,-0.02864,-0.01894,-0.02773,-0.02103,-0.02985,-0.03723,-0.03096,-0.01778,-0.01131,-0.00486,-0.01554,0.01587,-2.38e-05,-0.01886,-0.01339,-0.007298,-0.01828,-0.006786,-0.004726,-0.02605,-0.001853,-0.00511,-0.008385,0.012764,-0.015366,0.000531,0.013,-0.01402,-0.010956,-0.02258,-0.00895,0.01408,-0.03183,-0.04016,-0.01765,-0.002436,-0.00501,0.00579,0.004803,0.00812,0.004555,0.000946,0.01639,0.005074,-0.005833,-0.01098,-0.02061,-0.02238,-0.0232,-0.0023,0.003147,0.0148,-0.01244,0.00916,0.00859,0.02005,-0.001646,-0.009865,-0.01843,-0.00892,-0.01308,-0.00893,-0.0002426,-0.00481,-0.002033,-0.010345,-0.02469,-0.01076,-0.0229,-0.010574,-0.0161,-0.04248,-0.03387,-0.02148,-0.02336,-0.00675,-0.003761,-0.01796,-0.001314
1,-1.032,-0.004215,-0.004868,-0.00593,-0.03674,-0.00751,-0.02875,-0.02397,-0.00798,-0.01422,-0.00661,-0.02148,-0.01762,0.00849,-0.02325,-0.02565,-0.00783,0.00801,0.01374,-0.00935,0.007446,0.009674,0.012924,0.003778,0.006256,0.013916,0.004574,-0.006596,-0.01525,-0.01509,-0.012,-0.001976,0.001698,-0.001896,0.02885,-0.01866,-0.00829,0.01042,0.02159,0.02242,0.0084,0.004242,-0.00462,0.007626,0.004387,-0.00986,0.00368,0.004845,0.02122,-0.0165,-0.02164,0.02354,0.02808,0.01385,0.01516,0.01646,-0.003792,0.0249,0.004517,0.005558,0.01213,-0.0243,0.00771,-0.003035,-0.003057,-0.01008,-0.02654,-0.01113,-0.02112,-0.00958,-0.01633,-0.0428,-0.0315,-0.0197,-0.01985,-0.007286,-0.00401,-0.015015,0.001231,0.0,0.0,0.0,0.0,0.0,0.0,0.0,0.0,0.0,0.0,0.0,0.0,0.0,0.0,0.0
2,-1.029,-0.004196,-0.004997,-0.00577,-0.03665,-0.007683,-0.02872,-0.02399,-0.00794,-0.01412,-0.006645,-0.02144,-0.01746,0.00847,-0.0232,-0.0258,-0.004913,-0.02054,-0.01249,-0.01314,-0.006435,-0.00532,0.00965,0.01467,0.00775,-0.010155,-0.01057,0.0001501,0.007343,-0.007793,0.01617,-0.02223,0.01517,0.00309,0.004536,0.00877,-0.002197,-0.0002892,0.03516,0.01988,0.03616,0.01333,-0.02232,-0.001197,-0.0039,-0.006413,-0.01165,-0.02768,-0.0141,-0.02345,-0.012924,-0.01842,-0.04343,-0.027,-0.01987,-0.02054,-0.0071,-0.008194,-0.01444,0.001495,0.0,0.0,0.0,0.0,0.0,0.0,0.0,0.0,0.0,0.0,0.0,0.0,0.0,0.0,0.0,0.0,0.0,0.0,0.0,0.0,0.0,0.0,0.0,0.0,0.0,0.0,0.0,0.0,0.0,0.0,0.0,0.0,0.0,0.0
3,-1.029,-0.004196,-0.004997,-0.00577,-0.03665,-0.007683,-0.02872,-0.02399,-0.00794,-0.01412,-0.006645,-0.02144,-0.01746,0.00847,-0.0232,-0.02611,-0.02292,-0.00782,-0.00865,-0.00929,-0.01578,-0.0005803,0.00832,-0.00799,-0.0231,-0.005447,-0.00247,-0.02196,0.0009313,-0.003723,0.004925,-0.01843,0.01239,0.0005527,0.001888,-2.325e-05,-0.01384,-0.01369,-0.0187,0.02396,0.03458,0.02338,-0.0009265,0.02888,0.0046,-0.01987,-0.0102,-0.005264,-0.00983,-0.01515,-0.02281,-0.01381,-0.02446,-0.01614,-0.01976,-0.0461,-0.03204,-0.0192,-0.01941,-0.00675,-0.00995,-0.015434,0.0005617,0.0,0.0,0.0,0.0,0.0,0.0,0.0,0.0,0.0,0.0,0.0,0.0,0.0,0.0,0.0,0.0,0.0,0.0,0.0,0.0,0.0,0.0,0.0,0.0,0.0,0.0,0.0,0.0,0.0,0.0,0.0
4,-1.031,-0.004112,-0.004875,-0.005745,-0.03656,-0.00767,-0.0286,-0.02399,-0.007797,-0.01415,-0.006523,-0.02151,-0.01746,0.00868,-0.02333,-0.0275,-0.01369,0.004097,-0.00258,-0.010796,0.00953,-0.005264,0.002401,-0.007523,0.004932,-0.005177,0.006207,0.005222,-0.00433,0.003893,-0.01339,-0.007168,-0.01312,-0.01047,-0.01533,0.002684,-0.002413,-0.008385,0.002972,0.01083,-0.00544,-0.0221,-0.02423,-0.02347,0.01067,0.004803,0.012794,0.01797,-0.004086,-0.02353,-0.02028,-0.00969,0.01322,0.007137,0.004448,0.004257,-0.00284,0.01923,-0.02373,-0.001393,-0.00825,-0.00733,-0.01537,-0.02286,-0.01355,-0.0254,-0.00961,-0.0188,-0.04102,-0.01938,-0.0193,-0.01997,-0.005196,0.001646,-0.0161,0.0002522,0.0,0.0,0.0,0.0,0.0,0.0,0.0,0.0,0.0,0.0,0.0,0.0,0.0,0.0,0.0,0.0,0.0,0.0
5,-1.028,-0.004143,-0.004963,-0.005817,-0.03683,-0.00765,-0.02872,-0.02393,-0.00794,-0.01416,-0.00664,-0.02136,-0.0175,0.008514,-0.02309,-0.02756,-0.00797,-0.009796,-0.00748,-0.006863,0.004,-0.02345,-0.00987,-0.01897,-0.0191,-0.01334,-0.01129,-0.009964,-0.006195,0.01532,0.01512,-0.00631,0.00414,0.002575,-0.010704,0.00216,-0.01444,-0.01979,-0.001788,0.01284,0.00491,0.01614,-0.00988,-0.005505,0.000834,0.002022,0.01288,-0.00925,-0.01317,-0.00769,0.003103,0.004604,0.0156,-0.01656,0.0001943,-0.003838,0.002153,-0.006325,-0.02145,-0.00929,-0.01862,-0.006393,-0.01617,-0.04425,-0.02895,-0.02148,-0.02097,-0.004986,0.009796,-0.01572,-0.0006337,0.0,0.0,0.0,0.0,0.0,0.0,0.0,0.0,0.0,0.0,0.0,0.0,0.0,0.0,0.0,0.0,0.0,0.0,0.0,0.0,0.0,0.0,0.0
6,-1.029,-0.004196,-0.004997,-0.00577,-0.03665,-0.007683,-0.02872,-0.02399,-0.00794,-0.01412,-0.006645,-0.02144,-0.01746,0.00847,-0.0232,-0.02611,-0.02292,-0.00782,-0.00865,-0.005203,0.01709,0.01307,-0.00944,-0.02637,-0.01584,-0.00896,-0.03574,-0.01022,-0.0004623,-0.02899,0.00831,-0.003517,-0.00567,-0.006657,-0.0001663,0.01607,0.01433,0.02774,0.005592,0.02275,0.001327,-0.02592,-0.01122,-0.004158,-0.01022,-0.0163,-0.02847,-0.01575,-0.0244,-0.01732,-0.02156,-0.04578,-0.02878,-0.01941,-0.01845,-0.006794,-0.01464,-0.01498,0.000916,0.0,0.0,0.0,0.0,0.0,0.0,0.0,0.0,0.0,0.0,0.0,0.0,0.0,0.0,0.0,0.0,0.0,0.0,0.0,0.0,0.0,0.0,0.0,0.0,0.0,0.0,0.0,0.0,0.0,0.0,0.0,0.0,0.0,0.0,0.0
7,-1.029,-0.004055,-0.004982,-0.005955,-0.0368,-0.007496,-0.0287,-0.024,-0.007793,-0.01403,-0.00654,-0.02129,-0.01744,0.00858,-0.02328,-0.02615,-0.02284,-0.007717,-0.00869,-0.03772,-0.02304,-0.02132,-0.007328,-0.02266,-0.00911,-0.006832,-0.03577,-0.005466,0.00483,-0.02542,-0.01637,-0.01787,-0.02628,-0.004696,-0.00881,-0.01965,-0.01665,-0.03006,-0.01132,-0.005295,-0.009224,-0.01622,-0.02835,-0.015076,-0.02347,-0.018,-0.02052,-0.04468,-0.02869,-0.01779,-0.01921,-0.005013,-0.0113,-0.01636,-2.325e-05,0.0,0.0,0.0,0.0,0.0,0.0,0.0,0.0,0.0,0.0,0.0,0.0,0.0,0.0,0.0,0.0,0.0,0.0,0.0,0.0,0.0,0.0,0.0,0.0,0.0,0.0,0.0,0.0,0.0,0.0,0.0,0.0,0.0,0.0,0.0,0.0,0.0,0.0,0.0
8,-1.031,-0.004112,-0.004875,-0.005745,-0.03656,-0.00767,-0.0286,-0.02399,-0.007797,-0.01415,-0.006523,-0.02151,-0.01746,0.00868,-0.02333,-0.02615,-0.02274,-0.007755,-0.00856,-0.02881,0.01582,0.006382,-0.00398,-0.0196,-0.00188,-0.000954,0.008675,-0.01369,-0.02611,-0.013794,0.01221,-0.011475,0.01965,-0.01035,-0.002407,0.004967,-0.02217,-0.004356,0.01015,-0.002354,-0.03406,-0.01399,0.01455,0.00805,0.002445,0.001129,0.004787,-0.00517,-0.00548,0.005066,0.014755,0.001894,-0.02805,-0.01608,-0.0159,-0.0387,-0.03616,-0.02739,0.002337,-0.0194,0.001238,-0.002268,-0.00516,-0.011826,-0.02849,-0.01449,-0.02519,-0.01418,-0.01727,-0.04144,-0.02663,-0.01901,-0.0184,-0.005623,-0.006027,-0.015305,0.000231,0.0,0.0,0.0,0.0,0.0,0.0,0.0,0.0,0.0,0.0,0.0,0.0,0.0,0.0,0.0,0.0,0.0
