,0,1,2,3,4,5,6,7,8,9,10,11,12,13,14,15,16,17,18,19,20,21,22,23,24,25,26,27,28,29,30,31,32,33,34,35,36,37,38,39,40,41,42,43,44,45,46,47,48,49,50,51,52,53,54,55,56
0,0.001229,0.0007176,2.27e-05,-0.000265,0.002157,-0.0001173,-0.0035,-0.0003073,-0.000997,-0.002983,-0.003847,0.002836,0.002773,9.406e-05,0.002436,-0.0001966,-0.000542,-0.0003643,-0.001059,0.00444,0.002192,0.001469,0.002497,-0.0001478,0.0003123,0.006035,0.004982,0.004112,-0.00338,0.0001029,-0.0003648,0.002417,-0.000786,-0.000482,0.001073,0.001669,-0.000538,0.00179,0.003036,0.0003164,0.004757,0.005085,-0.000471,0.002535,0.001851,0.000457,-0.0003498,0.003012,0.00128,0.001468,0.00262,0.0,0.0,0.0,0.0,0.0,0.0
1,0.001229,0.0007176,2.27e-05,-0.000265,0.002157,-0.0001173,-0.000549,0.0001892,0.006477,0.006306,0.003511,0.003494,0.002197,0.001657,0.001345,-0.001835,0.003624,0.005188,0.00147,0.003092,0.003632,0.002369,0.002447,0.0001572,0.000408,0.002794,0.000322,0.002533,0.000862,0.001418,0.0005813,0.000361,-0.001448,0.002499,0.001895,0.002115,0.002161,0.0,0.0,0.0,0.0,0.0,0.0,0.0,0.0,0.0,0.0,0.0,0.0,0.0,0.0,0.0,0.0,0.0,0.0,0.0,0.0
2,0.001229,0.0007176,2.27e-05,-0.000265,0.002157,-0.0001173,0.001697,0.002354,0.002117,0.001524,0.000777,0.0002835,-0.001274,-0.002186,0.001103,-0.000981,-1.93e-05,-0.00324,-0.002722,0.0009227,-0.002207,-0.002708,-0.006138,0.001746,0.00437,0.0007987,-0.0004034,-0.001215,0.000984,0.0001156,-0.0006337,0.002413,0.001866,0.00143,0.000823,0.001457,0.0009747,0.004257,0.001379,0.003094,0.003569,0.0,0.0,0.0,0.0,0.0,0.0,0.0,0.0,0.0,0.0,0.0,0.0,0.0,0.0,0.0,0.0
3,0.001229,0.0007176,2.27e-05,-0.000265,0.002157,-0.0001173,-0.0035,-0.000841,-0.003004,0.00266,-0.000657,0.001578,-0.001549,0.001819,-0.003176,0.001032,-0.00254,-0.000631,0.001922,0.000341,0.003534,-0.000425,0.002073,-0.001181,0.001921,0.000764,0.001783,-0.002956,-0.000452,-0.0001932,0.005123,-0.000269,0.004025,0.002514,0.00132,0.0008054,0.0003362,0.0007014,0.00277,0.001047,0.001861,0.00121,0.0,0.0,0.0,0.0,0.0,0.0,0.0,0.0,0.0,0.0,0.0,0.0,0.0,0.0,0.0
4,0.001229,0.0007176,2.27e-05,-0.000265,0.002157,-0.0001173,0.0006056,0.001063,0.0003695,0.002163,0.002,4.345e-05,0.002296,0.002195,-0.006508,-0.002897,0.00111,0.0008187,-0.001059,0.0007477,-0.002615,-0.0003471,-0.00141,0.002298,0.003191,-0.00226,0.001387,0.0007443,0.00245,0.002537,0.00205,0.0008187,0.001282,0.0001583,0.0003307,0.001025,0.001535,0.001879,0.0,0.0,0.0,0.0,0.0,0.0,0.0,0.0,0.0,0.0,0.0,0.0,0.0,0.0,0.0,0.0,0.0,0.0,0.0
5,0.001229,0.0007176,2.27e-05,-0.000265,0.002157,-0.0001173,-0.0035,-0.0003073,-0.002522,0.001606,0.003496,0.00173,0.003109,0.006306,0.00548,0.002094,0.00283,0.0044,0.001452,0.004562,0.00383,0.004456,0.006237,0.001606,0.001179,-0.0004625,0.002409,0.0014305,0.002201,0.003624,-0.000745,0.00126,0.00326,0.001238,0.00344,0.00426,0.0003722,0.00123,0.001002,0.0008707,0.0003,0.00232,0.0004747,0.002642,0.00278,0.0,0.0,0.0,0.0,0.0,0.0,0.0,0.0,0.0,0.0,0.0,0.0
6,0.001233,0.0007215,3.093e-05,-0.0002401,0.002153,-0.0001134,-0.003466,-0.0003295,-0.002523,0.001583,0.0001042,-0.003136,0.0016575,0.002003,0.000252,0.001321,-0.003424,-0.0002627,-8.035e-05,0.0059,0.0033,0.004612,0.002922,-0.0009136,-0.0002112,0.002834,0.00274,0.003778,0.002682,0.003325,0.003122,0.002716,0.0005827,0.001391,0.002018,0.001957,-0.001094,0.0007687,0.0016165,0.003443,0.001029,0.002626,-0.00123,-0.0006247,0.001356,0.002525,0.00282,0.0004945,0.003906,0.001248,0.0007625,0.0009074,0.0005474,0.001388,0.0002978,0.00202,0.00163
7,0.001229,0.0007176,2.27e-05,-0.000265,0.002157,-0.0001173,-0.0035,-0.0003073,0.002806,-0.0002697,-0.001437,0.001526,0.004387,-0.000988,-0.002024,-0.002789,-0.000935,-0.001685,-0.000576,0.003355,0.004997,0.00964,0.00576,0.001026,0.00103,-0.000877,0.00367,-0.00105,0.000143,-0.0001526,0.00449,0.00566,0.0001091,0.002174,-0.0037,0.0002468,-0.000951,-0.0002728,0.001007,0.002068,0.00114,-0.000751,0.002338,0.001055,0.00011784,0.001429,-0.0006986,0.001752,0.000786,0.002409,0.00177,0.0,0.0,0.0,0.0,0.0,0.0
8,0.001229,0.0007176,2.27e-05,-0.000265,0.002157,-0.0001173,-0.000588,0.0001296,0.002125,0.00087,0.0004048,0.002937,0.003008,0.00357,-0.0002434,0.001124,-0.002716,-0.001916,0.002392,-0.00062,0.0004556,0.0004098,-0.001352,0.003109,0.00282,0.0049,0.003687,0.004177,0.0006013,-0.0004342,-0.000743,-0.0009375,0.002064,0.0007353,0.004047,0.004314,0.001563,0.003254,0.001753,0.001177,0.0005507,0.002811,0.001128,0.001146,0.002373,0.0,0.0,0.0,0.0,0.0,0.0,0.0,0.0,0.0,0.0,0.0,0.0
