,0,1,2,3,4,5,6,7,8,9,10,11,12,13,14,15,16,17,18,19,20,21,22,23,24,25,26,27,28,29,30,31,32,33,34,35,36,37,38,39,40,41,42,43,44,45,46,47,48,49,50,51,52,53,54,55,56,57,58,59,60,61,62,63,64,65,66,67,68,69,70,71,72,73,74,75,76,77,78,79,80,81,82,83,84,85,86,87,88
0,-0.0001718,0.002464,5.4e-07,-1.764e-05,-0.0001595,-0.0005007,8.43e-05,-3.87e-05,-0.000378,-0.0002503,-0.000456,-3.66e-05,-3.004e-05,0.00107,2.325e-05,6.44e-06,0.002102,5e-05,0.0006084,-0.0001749,-0.0002933,-6e-05,-6.11e-05,-0.0001687,-0.000132,-0.000401,-9.78e-05,0.000504,0.0001683,-5.7e-06,0.0001972,-3.684e-05,4.184e-05,-0.0002532,-7.89e-05,0.00011724,-0.0004954,0.0003662,7.12e-05,7.12e-05,7.12e-05,-0.0001452,0.000196,0.0003533,0.0003533,0.000196,-0.0001749,0.001204,-0.000368,-0.0001405,-4.36e-05,-7.89e-05,-0.000309,-0.000291,-0.000525,-0.0002012,-7.89e-05,8.24e-05,-0.0001627,-0.0001959,2.06e-05,0.000217,0.0001279,2e-06,-0.000552,-7.89e-05,-0.000309,-0.000291,-7.89e-05,8.24e-05,-5.83e-05,-0.000456,-0.0003402,0.0001266,4.447e-05,-5e-07,-1.764e-05,-4.65e-05,-1.764e-05,-0.0001718,0.0009108,5.4e-07,-1.764e-05,-0.0001718,0.0001108,-0.0002577,-0.0002416,-6.68e-05,-1.764e-05
1,-0.0001718,0.002464,5.4e-07,-1.764e-05,-0.0001595,-0.0005007,8.43e-05,-3.87e-05,-0.000378,-0.0002503,-0.000456,-3.66e-05,-3.004e-05,0.0008345,-0.000525,-0.0001267,-0.0002091,4.554e-05,-0.0002161,-0.000456,-7.61e-05,-0.0003011,-0.000456,0.0001493,-4.36e-05,-0.0002646,-0.0001556,-0.0002388,-0.0001749,0.000658,-0.0002933,-0.0001627,-0.000552,-0.0002646,-0.0001556,-0.0002388,-0.0002933,-8.315e-05,-0.0001627,-9.78e-05,0.0001277,-0.0002933,-0.0001158,-0.000378,-0.0002292,-0.0001341,-0.000552,-0.0002646,-0.0001556,-0.0002388,-0.0002933,-0.0002292,-0.0001627,-9.78e-05,-7.61e-05,-0.0002933,-0.0001158,-0.000378,-8.315e-05,-5e-07,-1.764e-05,-4.65e-05,-1.764e-05,-0.0001718,0.0009108,5.4e-07,-1.764e-05,-0.0001718,0.0001108,-0.0002577,-0.0002416,-6.68e-05,-1.764e-05,0.0,0.0,0.0,0.0,0.0,0.0,0.0,0.0,0.0,0.0,0.0,0.0,0.0,0.0,0.0,0.0
2,-0.0001718,0.002464,5.4e-07,-1.764e-05,-0.0001595,-0.0005007,8.43e-05,-3.87e-05,-0.000378,-0.0002503,-0.000456,-3.66e-05,-3.004e-05,0.0008345,-0.000456,0.0002215,-0.0003011,-0.000525,1.61e-05,-0.0002933,-0.0003562,-0.0001627,-0.0002091,0.0002875,-0.000368,4.46e-05,-0.0001663,-0.000291,-4.16e-05,-0.0002292,-0.000552,-0.000456,-0.0001663,-0.0002933,-8.34e-06,-0.0001627,-0.000291,-8.315e-05,3.79e-05,-5e-07,-1.764e-05,-4.65e-05,-1.764e-05,-0.0001718,0.0009108,5.4e-07,-1.764e-05,-0.0001718,0.0001108,-0.0002577,-0.0002416,-6.68e-05,-1.764e-05,0.0,0.0,0.0,0.0,0.0,0.0,0.0,0.0,0.0,0.0,0.0,0.0,0.0,0.0,0.0,0.0,0.0,0.0,0.0,0.0,0.0,0.0,0.0,0.0,0.0,0.0,0.0,0.0,0.0,0.0,0.0,0.0,0.0,0.0,0.0,0.0
3,-0.0001718,0.002464,5.4e-07,-1.764e-05,-0.0001595,-0.0005007,8.43e-05,-3.87e-05,-0.000378,-0.0002503,-0.000456,-3.66e-05,-3.004e-05,0.001423,-0.000525,1.61e-05,-0.0002933,-0.000369,2.8e-05,-0.0002091,0.0002369,-0.000525,-7.975e-05,-0.0003011,4.46e-05,-1.5e-06,-0.000291,-4.16e-05,-0.0002292,-0.000552,-0.000364,-0.0002933,-5.79e-05,-0.0001452,-8.24e-05,3.59e-05,-0.0001627,-0.000291,-8.315e-05,3.79e-05,-5e-07,-1.764e-05,-4.65e-05,-1.764e-05,-0.0001718,0.0009108,5.4e-07,-1.764e-05,-0.0001718,0.0001108,-0.0002577,-0.0002416,-6.68e-05,-1.764e-05,0.0,0.0,0.0,0.0,0.0,0.0,0.0,0.0,0.0,0.0,0.0,0.0,0.0,0.0,0.0,0.0,0.0,0.0,0.0,0.0,0.0,0.0,0.0,0.0,0.0,0.0,0.0,0.0,0.0,0.0,0.0,0.0,0.0,0.0,0.0
4,-0.0001718,0.002464,5.4e-07,-1.764e-05,-0.0001595,-0.0005007,8.43e-05,-3.87e-05,-0.000378,-0.0002503,-0.000456,-3.66e-05,-3.004e-05,0.001204,-0.000525,-0.0002012,-0.0001627,-0.0004692,-0.0001627,-0.000291,-0.000368,4.46e-05,-0.0001627,-0.0002241,-0.0001627,7.2e-05,-0.0004692,-7.31e-05,-0.0002091,-9.78e-05,-9.7e-06,-8.24e-05,-0.000163,-0.00022,-0.0002241,-0.0001749,0.000504,-0.0001749,-0.0004692,2.61e-05,2.06e-05,5.543e-05,2e-06,-0.0002241,2.61e-05,-0.0004954,0.0003662,-0.0001749,0.00133,-2.11e-05,-0.000401,-0.0004692,2.61e-05,2.06e-05,-8.24e-05,-4.8e-05,-4.65e-05,-1.764e-05,-4.65e-05,-1.764e-05,-0.0001718,0.0009108,5.4e-07,-1.764e-05,-0.0001718,0.0001108,-0.0002577,-0.0002416,-6.68e-05,-1.764e-05,0.0,0.0,0.0,0.0,0.0,0.0,0.0,0.0,0.0,0.0,0.0,0.0,0.0,0.0,0.0,0.0,0.0,0.0,0.0
5,-0.0001718,0.002464,5.4e-07,-1.764e-05,-0.0001595,-0.0005007,8.43e-05,-3.87e-05,-0.000378,-0.0002503,-0.000456,-3.66e-05,-3.004e-05,0.001204,4.46e-05,4.184e-05,6.7e-06,-0.000291,-7.55e-05,8.6e-06,0.000247,-0.000378,-0.0004954,0.0003533,-0.0001627,-2.69e-05,-0.000525,-3.56e-05,-0.0002091,-7.766e-05,-0.000401,-1.5e-06,-0.0004148,6.7e-06,-0.0002532,6.104e-05,-0.000401,-0.000291,0.0001988,-8.523e-05,-0.000378,-7.55e-05,-0.0001981,-7.55e-05,-0.0002933,-0.0001538,-0.0001578,-0.0004954,0.0003662,0.0003533,0.0003533,-5e-07,-1.764e-05,-4.65e-05,-1.764e-05,-0.0001718,0.0009108,5.4e-07,-1.764e-05,-0.0001718,0.0001108,-0.0002577,-0.0002416,-6.68e-05,-1.764e-05,0.0,0.0,0.0,0.0,0.0,0.0,0.0,0.0,0.0,0.0,0.0,0.0,0.0,0.0,0.0,0.0,0.0,0.0,0.0,0.0,0.0,0.0,0.0,0.0
6,-0.0001718,0.002464,5.4e-07,-1.764e-05,-0.0001595,-0.0005007,8.43e-05,-3.87e-05,-0.000378,-0.0002503,-0.000456,-3.66e-05,-3.004e-05,0.001423,-0.000525,1.61e-05,0.0001116,-0.0007825,-0.0002091,0.0002369,-0.000525,-7.975e-05,-0.0003011,3.6e-07,-0.000291,-4.16e-05,-0.0002292,-0.000552,-0.000364,0.0001116,-0.000525,7.65e-05,-0.00010407,-0.0001627,-0.000291,-8.315e-05,3.79e-05,-5e-07,-1.764e-05,-4.65e-05,-1.764e-05,-0.0001718,0.0009108,5.4e-07,-1.764e-05,-0.0001718,0.0001108,-0.0002577,-0.0002416,-6.68e-05,-1.764e-05,0.0,0.0,0.0,0.0,0.0,0.0,0.0,0.0,0.0,0.0,0.0,0.0,0.0,0.0,0.0,0.0,0.0,0.0,0.0,0.0,0.0,0.0,0.0,0.0,0.0,0.0,0.0,0.0,0.0,0.0,0.0,0.0,0.0,0.0,0.0,0.0,0.0,0.0
7,-0.0001718,0.002464,5.4e-07,-1.764e-05,-0.0001595,-0.0005007,8.43e-05,-3.87e-05,-0.000378,-0.0002503,-0.000456,-3.66e-05,-3.004e-05,0.001423,-0.000525,1.61e-05,8.71e-05,-5.63e-05,0.001327,-0.0002091,0.0002369,-0.000525,-7.975e-05,-0.0003011,3.6e-07,-0.000291,-4.16e-05,-0.000456,8.71e-05,4.7e-05,-0.00010407,-0.000401,-0.000456,-7.975e-05,-5e-07,-1.764e-05,-4.65e-05,-1.764e-05,-0.0001718,0.0009108,5.4e-07,-1.764e-05,-0.0001718,0.0001108,-0.0002577,-0.0002416,-6.68e-05,-1.764e-05,0.0,0.0,0.0,0.0,0.0,0.0,0.0,0.0,0.0,0.0,0.0,0.0,0.0,0.0,0.0,0.0,0.0,0.0,0.0,0.0,0.0,0.0,0.0,0.0,0.0,0.0,0.0,0.0,0.0,0.0,0.0,0.0,0.0,0.0,0.0,0.0,0.0,0.0,0.0,0.0,0.0
8,-0.0001718,0.002464,5.4e-07,-1.764e-05,-0.0001595,-0.0005007,8.43e-05,-3.87e-05,-0.000378,-0.0002503,-0.000456,-3.66e-05,-3.004e-05,0.001423,-0.000525,1.61e-05,-5.81e-05,-9.334e-05,-0.000135,-0.0002091,0.0002369,-0.000368,4.46e-05,-0.0003781,-0.0003352,-0.000525,-0.0001663,-0.000291,-9.525e-05,5.35e-05,-0.0002532,-0.0003781,-0.0001627,0.000292,-0.0001335,-9.48e-05,-0.000378,6.104e-05,-0.0001145,-0.0001627,0.0001554,-0.00022,-0.000525,3.046e-05,-0.0001749,0.0009694,-0.0003402,-7.284e-05,-0.0003781,-0.0001627,-0.0001959,2.06e-05,0.000384,-0.00011516,2.605e-05,-0.0001644,-4.8e-05,-4.65e-05,-1.764e-05,-4.65e-05,-1.764e-05,-0.0001718,0.0009108,5.4e-07,-1.764e-05,-0.0001718,0.0001108,-0.0002577,-0.0002416,-6.68e-05,-1.764e-05,0.0,0.0,0.0,0.0,0.0,0.0,0.0,0.0,0.0,0.0,0.0,0.0,0.0,0.0,0.0,0.0,0.0,0.0
