,0,1,2,3,4,5,6,7,8,9,10,11,12,13,14,15,16,17,18,19,20,21,22,23,24,25,26,27,28,29,30,31,32,33,34,35,36,37,38,39,40,41,42,43,44,45,46,47,48,49,50,51,52,53,54,55
0,-0.0003917,-0.001053,-6.33e-05,-0.000996,0.0001221,-1.407e-05,9.16e-05,5.97e-05,-0.000253,0.0008793,0.0001352,1.87e-05,-0.0004396,0.0001622,-0.000498,0.0003593,0.0001904,-0.001011,4.214e-05,0.0005746,9.16e-05,5.97e-05,8.59e-05,-0.000498,0.0001904,1.87e-05,-0.0004396,2.64e-05,-0.0002314,0.0001352,-0.001011,-0.0006514,8.7e-05,-0.000423,0.0001538,-0.0003655,0.00011486,5.406e-05,3.3e-05,-0.001177,-0.000341,0.000205,0.0001608,-0.000996,-0.0002058,-0.000996,-0.0003917,6.884e-05,-6.33e-05,-0.000996,0.0,0.0,0.0,0.0,0.0,0.0
1,-0.0003917,-0.001053,-6.33e-05,-0.000996,-7.707e-05,-0.000512,3.19e-05,9.33e-05,-0.000498,9.733e-05,0.0001751,0.0001453,-0.001177,-0.0002942,0.000758,2.21e-05,0.0002435,-9.483e-05,9.173e-05,-2.16e-05,-0.000341,-2.414e-05,-2.16e-05,3.3e-05,-0.0001568,2.21e-05,0.0002435,-9.31e-05,-5.57e-05,0.0009437,-5.6e-05,-0.000996,-0.0002058,-0.000996,-0.0003917,6.884e-05,-6.33e-05,-0.000996,0.0,0.0,0.0,0.0,0.0,0.0,0.0,0.0,0.0,0.0,0.0,0.0,0.0,0.0,0.0,0.0,0.0,0.0
2,-0.0003917,-0.001053,-6.33e-05,-0.000996,-1.276e-05,0.00011486,5.406e-05,-9.483e-05,-0.0001228,0.00182,3.3e-05,-0.00012046,8.124e-05,0.000113,-9.31e-05,0.000425,-4.59e-05,4.333e-05,-0.000498,0.0001015,-0.000434,-0.000618,-0.000512,5.87e-05,0.0002213,-3.564e-05,-0.000512,0.000192,-5.17e-05,-0.001011,-5.57e-05,0.0009437,-5.6e-05,-0.000996,-0.0002058,-0.000996,-0.0003917,6.884e-05,-6.33e-05,-0.000996,0.0,0.0,0.0,0.0,0.0,0.0,0.0,0.0,0.0,0.0,0.0,0.0,0.0,0.0,0.0,0.0
3,-0.0003917,-0.001053,-6.33e-05,-0.000996,0.0001221,-0.000253,0.0007386,0.0004258,5.36e-06,0.0001352,-0.000498,7.87e-06,0.0001904,-0.000618,0.000114,-5.91e-05,-0.001011,-0.0004785,-0.000253,0.0007386,0.0004258,5.36e-06,0.0001352,-0.000498,5.54e-06,0.0002381,-0.000618,0.0002233,7.9e-05,-0.001011,-0.0006514,-0.000434,0.0001168,-9.31e-05,-5.57e-05,0.0009437,-5.6e-05,-0.000996,-0.0002058,-0.000996,-0.0003917,6.884e-05,-6.33e-05,-0.000996,0.0,0.0,0.0,0.0,0.0,0.0,0.0,0.0,0.0,0.0,0.0,0.0
4,-0.0003917,-0.001053,-6.33e-05,-0.000996,3.546e-05,-8.48e-05,-2.5e-06,5.36e-06,-0.000498,-0.0004396,-7.164e-05,-0.000498,9.185e-05,3.3e-05,-0.000512,5.87e-05,-0.000423,-1.407e-05,-0.0001484,-0.000512,6.55e-05,-9.483e-05,-0.000498,9.185e-05,0.0001256,-9.31e-05,-5.57e-05,0.0009437,-5.6e-05,-0.000996,-0.0002058,-0.000996,-0.0003917,6.884e-05,-6.33e-05,-0.000996,0.0,0.0,0.0,0.0,0.0,0.0,0.0,0.0,0.0,0.0,0.0,0.0,0.0,0.0,0.0,0.0,0.0,0.0,0.0,0.0
5,-0.0003917,-0.001053,-6.33e-05,-0.000996,0.0001221,-1.407e-05,-0.00011325,-0.000498,1.824e-05,6.306e-05,3.3e-05,0.0002233,-9.483e-05,0.0001502,0.0001565,0.0002465,-0.001011,4.214e-05,0.0005746,-9.9e-06,-0.000498,1.824e-05,6.306e-05,3.3e-05,-0.000512,-2.5e-06,0.0001862,-0.000423,0.0002465,-0.001011,-0.0009623,-0.00012046,-2.3e-05,0.000832,-0.000423,0.0001488,0.0001434,-5.6e-05,-0.000996,-0.0002058,-0.000996,-0.0003917,6.884e-05,-6.33e-05,-0.000996,0.0,0.0,0.0,0.0,0.0,0.0,0.0,0.0,0.0,0.0,0.0
6,-0.0003917,-0.001053,-6.33e-05,-0.000996,0.0001221,-1.407e-05,-0.00011325,-0.000498,-4.655e-05,0.0001941,-0.0002314,6.634e-05,0.0001736,6.306e-05,1.1e-06,-2.915e-05,-0.001011,4.214e-05,0.0005746,-9.9e-06,-0.0002732,-0.000498,-4.3e-06,0.0001969,0.0002153,-0.000238,-4.61e-05,-0.0002314,6.634e-05,0.0001736,6.306e-05,-0.001011,-0.0009623,-0.00012046,-0.00010604,-0.000423,-6.64e-05,0.0001736,-0.0008664,-0.0002906,0.0001941,3.3e-05,-0.00012046,-0.00010604,-0.000423,-0.0002732,0.00010455,0.0002153,-5.6e-05,-0.000996,-0.0002058,-0.000996,-0.0003917,6.884e-05,-6.33e-05,-0.000996
7,-0.0003917,-0.001053,-6.33e-05,-0.000996,0.0001221,-1.407e-05,0.0001576,0.0001813,-0.001177,-0.000341,4.87e-05,0.00010914,0.0001171,-0.000498,0.00011724,0.0001711,-0.001011,4.214e-05,0.0005746,0.000131,6.634e-05,0.000307,-0.000498,0.0001729,-0.00012046,1.61e-05,-0.001177,-0.000341,4.87e-05,-0.0003655,-0.0002732,0.0001813,6.634e-05,-0.0003211,0.001197,0.0005918,-0.001011,-0.0009623,7.57e-05,0.0001502,1.62e-05,-0.000498,0.0002513,-5.6e-05,-0.000996,-0.0002058,-0.000996,-0.0003917,6.884e-05,-6.33e-05,-0.000996,0.0,0.0,0.0,0.0,0.0
8,-0.0003917,-0.001053,-6.33e-05,-0.000996,0.000115,0.00011116,5.555e-05,0.0001364,-0.0001019,-6.93e-05,0.0003085,-0.000618,9.024e-05,-9.31e-05,-0.0002935,-0.000751,-0.001011,-0.0007715,0.00011307,-2.8e-05,0.0001372,-0.000423,6.515e-05,-0.001369,0.00011116,4.87e-05,4.4e-06,-0.000618,-9.31e-05,-2.8e-05,0.0001372,-0.000423,0.0001119,0.000894,0.00011116,4.87e-05,-7.856e-05,-0.0004382,-9.31e-05,0.0001692,-0.000996,-0.0002058,-0.000996,-0.0003917,6.884e-05,-6.33e-05,-0.000996,0.0,0.0,0.0,0.0,0.0,0.0,0.0,0.0,0.0
