stim_id,text
0,"Clunker Motors Inc. is recalling all vehicles in its Extravagant line from model years 1999-2002. Given an int variable modelYear and a string modelName, print 'RECALL' if modelYear and modelName match the recal details."
1,"Write a statement that toggles the value of the bool variable onOffSwitch. That is, if onOffSwitch is false, itsvalue is changed to true; if onOffSwitch is true, its value is changed to false."
2,"Write the definition of a function isPositive, that receives an integer parameter and returns true if the parameter is positive, and false otherwise."
3,"Implement a function is_sorted that accepts a vector of integer values and returns true if it is non-decreasing, and false otherwise."
4,"Given a string, s, and an integer, x, update s such that its characters are shifted by x. Ex. s = 'cd' x = 1. Loop results in s = 'de'."
5,"Given integer variables amount and total both initialized to 0, write a loop that reads in values for amount from standard in and adds them to total until total is greater than 100."
6,"Implement a function containsDuplicate that accepts a vector of integers and returns true if it contains a duplicate element, and false otherwise."
7,"Implement a function secondGreatest that accepts a vector of integers and returns the second greatest element in the vector."
8,"Implement a function countdown() that accepts an integer n as a parameter and counts down from n, printing each number to standard output, separated by a space. After reaching n, print 'liftoff!'."
