60,-0.0033947,0.12474,0.12724,-0.93413,0.11572,-0.65313,-0.30081,0.90121,2.3562,0.46391,2.7515,0.00064935,2.8013,7.8042,0.1285,12.98,0.017541,0.93557,3.3764e+16,3.3764e+16,3.3764e+16,3.3764e+16,0,0,0,0,0,0,1,0,0,0,0,0,0,NaN,NaN,0.30996,0.14987,0.30996,0.20515,0.40338,0.13601,NaN,NaN,265,62.117,12565,6.0173e+05,15.88,255.99,1.0052e+05,11360,2240,0.91284,0.93662,0.11337,0.079892,0.078787,0.34562,1861.8,1059.4,0.024412,0.0028933,0,0.025424,0,0.021676,0.014785,0.021175,0.030683,0.042714,2.7306,3.0551,1.1993,0.097726,0.45385,0.41083,0.11768,0.48767,0.33758,0.12361,0.48728,0.32959,5.1298,3.2866,19566,44976,43133,0.10788,0.11074,0.079999,0.21473,0.21923,0.083673,0.31662,0.32671,0.086409,0.42036,0.44262,0.090356,0.50728,0.5355,0.091634,0.02003,0.02396,0.15699,0.058166,0.071879,0.086018,0.039962,0.048318,0.14856,0.074675,0.092919,0.12345,0.062693,0.075224,0.13827,0.086792,0.10846,0.14479,0.011648,0.015995,0.22851,0.057002,0.070428,0.12451,0.023468,0.032668,0.21033,0.072011,0.087896,0.17559,0.03654,0.050477,0.1907,0.082132,0.098809,0.20702,0.0077638,0.0074217,0.10951,0.027684,0.031762,-0.012079,0.016263,0.01558,0.11319,0.038909,0.044382,-0.015672,0.026406,0.025311,0.11136,0.047798,0.05583,-0.019237,0.00061863,0.00054267,0.10814,0.0091919,0.021656,-0.011653,0.0021719,0.0019321,0.12032,0.015893,0.031971,-0.016315,0.0044548,0.0039846,0.1227,0.02183,0.041247,-0.020626,1.0086,91,109,91,746,2,2,2,0
60,-0.00013463,0.047723,0.047663,-0.97584,0.047562,-0.93085,-0.04611,-1.6041,4.5824,-0.41548,2.5322,0.0015575,2.1179,9.7256,0.047296,16.916,0.022859,0.97631,2.8619e+16,2.8619e+16,2.8619e+16,2.8619e+16,0,0,0,0,0,0,1,0,0,0,0,0,0,NaN,NaN,0.28792,0.18472,0.28792,0.3559,0.42536,0.18023,NaN,NaN,264,36.356,6159,1.4433e+05,15.88,255.98,49272,2832,2368,0.91508,0.93984,0.024686,0.017449,0.04361,0.084701,1698.9,875.09,0.020125,0.0029896,0,0.03673,0,0.034168,0.0021825,0.018064,0.0018536,0.029046,3.7498,3.306,0.21888,0.092187,0.44183,0.43461,0.10585,0.45993,0.39077,0.10325,0.46499,0.3932,6.7157,3.4769,37696,71024,69620,0.11639,0.11252,0.057767,0.21245,0.20034,0.05541,0.28147,0.26011,0.051416,0.33832,0.30884,0.048676,0.37914,0.3431,0.045841,0.0085874,0.0073403,0.045049,0.015844,0.031056,-0.036951,0.016948,0.014555,0.04217,0.019627,0.040143,-0.046374,0.025001,0.021421,0.036908,0.020039,0.045802,-0.055445,0.0052004,0.0044354,0.068286,0.017965,0.028242,-0.029547,0.010656,0.0092152,0.063926,0.022853,0.033822,-0.035275,0.016123,0.013948,0.056321,0.024589,0.036489,-0.042021,0.003242,0.0027954,0.030608,0.0060651,0.01438,-0.021111,0.0064363,0.0055132,0.029984,0.0078539,0.020647,-0.028948,0.0096803,0.0082707,0.027326,0.0081089,0.025484,-0.034886,0.00014502,0.00010957,0.016969,0.00026769,0.014163,-0.010179,0.00041443,0.00031471,0.015366,8.9059e-05,0.019585,-0.012575,0.00068751,0.00052195,0.012674,-0.00059323,0.02447,-0.015621,0.75536,91,109,91,746,2,2,2,0
60,-0.00026385,0.10681,0.10676,-0.94504,0.10646,-0.89438,-0.053601,0.35902,2.5784,0.24003,3.1289,0.00038578,1.9508,5.8842,0.10962,9.3627,0.012652,0.94511,3.817e+16,3.817e+16,3.817e+16,3.817e+16,0,0,0,0,0,0,1,0,0,0,0,0,0,NaN,NaN,0.38019,0.25906,0.38019,0.33279,0.40542,0.15287,NaN,NaN,257,52.444,10403,4.2186e+05,15.8,252.04,83224,3976,3808,0.91166,0.93407,0.15609,0.12152,0.043379,0.53688,4735,1199.8,0.027284,0.0036939,0,0.060519,0,0.03836,0.0040882,0.019641,0.0045871,0.028672,3.3941,2.9906,0.13168,0.087322,0.44273,0.44178,0.097889,0.45576,0.41249,0.087537,0.46054,0.42656,8.8703,3.5342,45504,1.2868e+05,1.2758e+05,0.13743,0.13274,0.086642,0.24628,0.22451,0.081591,0.31637,0.2773,0.073407,0.35867,0.30665,0.065548,0.38345,0.32358,0.05889,0.0075872,0.0052606,0.050558,0.014779,0.02658,-0.056689,0.013553,0.0093292,0.042836,0.015296,0.032289,-0.072235,0.019853,0.013649,0.037229,0.014812,0.036567,-0.086158,0.004245,0.0029846,0.070804,0.01552,0.021424,-0.039426,0.0068076,0.0047314,0.051874,0.013652,0.022859,-0.049296,0.0096332,0.0066804,0.042743,0.012566,0.023368,-0.058114,0.0032606,0.0022289,0.039103,0.0069266,0.014981,-0.040763,0.006792,0.0046365,0.040191,0.0098449,0.020805,-0.052765,0.010535,0.0072045,0.037774,0.010937,0.025957,-0.063864,8.1545e-05,4.7044e-05,0.01212,-0.00079115,0.010423,-0.0093457,0.00019173,0.00011222,0.00903,-0.0017404,0.014951,-0.011675,0.00033522,0.00020287,0.0078498,-0.0026117,0.019061,-0.014851,0.74755,91,109,91,746,2,2,2,0
60,-0.0013944,0.17897,0.17974,-0.90555,0.1753,-0.76323,-0.15716,-0.35665,2.2273,-0.12742,3.1701,0.00076338,2.8494,6.6634,0.18238,11.197,0.015131,0.90841,4.2865e+16,4.2865e+16,4.2865e+16,4.2865e+16,0,0,0,0,0,0,1,0,0,0,0,0,0,NaN,NaN,0.42515,0.3003,0.42515,0.43016,0.76231,0.21583,NaN,NaN,265,73.328,16993,1.0893e+06,16.147,262.13,1.3594e+05,4600,2336,0.9116,0.93427,0.11919,0.084525,0.079154,0.3607,1298.4,799.52,0.026502,0.0031412,0,0.021838,0,0.021873,0.0024986,0.014666,0.003001,0.023961,0.53011,0.27172,0.03559,0.097326,0.44742,0.42569,0.11796,0.4763,0.3728,0.12092,0.47767,0.36848,3.4411,3.4055,10913,28076,24211,0.12119,0.12418,0.10295,0.22816,0.23225,0.10185,0.30948,0.31282,0.096754,0.37546,0.37622,0.092454,0.42594,0.42256,0.088141,0.0099178,0.010348,0.089047,0.025668,0.040622,0.013905,0.019243,0.020408,0.081949,0.031228,0.051827,0.025642,0.030251,0.032341,0.076432,0.035649,0.060823,0.036045,0.0078892,0.0086362,0.1773,0.039263,0.045778,0.027138,0.015343,0.01715,0.15753,0.047304,0.055198,0.044373,0.023676,0.026928,0.14155,0.052955,0.062132,0.062875,0.0020251,0.0017088,0.032722,0.0021371,0.013519,-0.022388,0.0039552,0.0033284,0.031535,0.0024063,0.018846,-0.030368,0.0067223,0.0056187,0.032477,0.0034897,0.023594,-0.040561,3.5533e-06,2.8069e-06,0.00071159,-0.0024861,0.010139,-0.0059737,0.00010201,7.9576e-05,0.0064734,-0.0028911,0.016048,-0.010005,0.00035007,0.00027942,0.011045,-0.0029466,0.022362,-0.012669,1.2217,91,109,91,746,2,2,2,0
60,-0.00014894,0.091339,0.091276,-0.95321,0.091073,-0.90825,-0.04716,-0.0052853,2.5046,0.00675,3.1966,0.00025875,2.1026,7.0316,0.089175,10.986,0.014847,0.95526,3.5833e+16,3.5833e+16,3.5833e+16,3.5833e+16,0,0,0,0,0,0,1,0,0,0,0,0,0,NaN,NaN,0.1821,0.11592,0.1821,0.29793,0.39528,0.12158,NaN,NaN,236,71.453,11524,5.8254e+05,14.461,216.19,92192,17128,6856,0.90966,0.93381,0.10646,0.079786,0.075956,0.35316,2569.1,1056.2,0.037337,0.004436,0,0.048752,0,0.03211,0.00081642,0.0038585,0.0046018,0.0075273,1.8188,0.70455,0.65993,0.093682,0.45062,0.42384,0.10231,0.48155,0.37499,0.10623,0.4864,0.37093,7.3839,3.3907,53765,1.4749e+05,1.4624e+05,0.11586,0.1064,0.086466,0.21087,0.18806,0.082695,0.28009,0.24471,0.076928,0.32813,0.28314,0.070983,0.35833,0.30606,0.065143,0.0091462,0.0080316,0.072144,0.021402,0.034063,-0.025899,0.016903,0.014719,0.063241,0.024063,0.041709,-0.035349,0.025063,0.021822,0.055632,0.024771,0.047148,-0.042085,0.0015412,0.001158,0.03043,0.0022053,0.015386,-0.022588,0.0032388,0.0024677,0.029214,0.0025912,0.017824,-0.028906,0.0052621,0.0040265,0.027638,0.0025338,0.019381,-0.03525,0.0074856,0.0067838,0.10626,0.026527,0.028937,-0.017805,0.013306,0.011986,0.0932,0.030199,0.035899,-0.023844,0.01928,0.017411,0.081831,0.031777,0.041331,-0.027494,0.0001194,8.9727e-05,0.021006,-0.00015157,0.014306,-0.0093575,0.00053094,0.00039692,0.029601,0.0011595,0.021179,-0.013609,0.00090864,0.00067541,0.025187,0.00059817,0.026409,-0.015541,0.83609,91,109,91,746,2,2,2,0
60,-0.0068423,0.20946,0.21733,-0.88452,0.18524,-1.2244,0.38425,2.7983,19.257,0.1238,2.9417,0.0045268,5.6698,11.803,0.23014,31.122,0.042057,0.88475,5.1145e+16,5.1145e+16,5.1145e+16,5.1145e+16,0,0,0,0,0,0,1,0,0,0,0,0,0,NaN,NaN,0.5257,0.62157,0.62157,0.32484,0.44966,0.14644,NaN,NaN,169,116.42,15183,1.392e+06,12.454,158.97,1.2146e+05,19128,1936,0.90855,0.92954,0.19508,0.14992,0.08266,0.56311,3022.1,1351.4,0.033793,0.0066355,0,0.064946,0,0.042312,0.0049517,0.021159,0.00536,0.025604,1.9969,3.6341,1.8473,0.094614,0.43313,0.42752,0.10123,0.43167,0.39275,0.11081,0.43506,0.37641,12.768,3.4201,38691,1.2161e+05,1.2016e+05,0.10385,0.10266,0.084606,0.2002,0.19334,0.085704,0.28261,0.27063,0.084735,0.35611,0.33849,0.084097,0.41862,0.39605,0.083078,0.012221,0.010933,0.10523,0.033304,0.038771,-0.028022,0.025174,0.022662,0.10281,0.044244,0.050771,-0.036055,0.040852,0.036343,0.098989,0.05325,0.060155,-0.049582,0.002251,0.0019594,0.048516,0.0063452,0.015872,-0.015173,0.0052221,0.0045581,0.05142,0.0098528,0.018324,-0.021021,0.0087126,0.0074516,0.049954,0.011866,0.01954,-0.029426,0.0096958,0.0087611,0.15025,0.038128,0.034999,-0.023381,0.02114,0.019303,0.16164,0.05607,0.051622,-0.0288,0.034673,0.03149,0.16065,0.069785,0.06458,-0.03798,0.00027464,0.00021218,0.052746,0.0028899,0.013323,-0.012411,0.0012727,0.0010531,0.077459,0.008203,0.021809,-0.015928,0.0031375,0.0027042,0.094938,0.01463,0.030974,-0.01803,0.79361,91,109,91,746,2,2,2,0
60,-0.0016571,0.13256,0.13098,-0.93212,0.13098,-0.93037,-0.001877,-0.47497,2.9298,-0.25196,3.0277,2.1598e-05,2.1316,5.814,0.13407,9.8498,0.013311,0.93283,3.8841e+16,3.8841e+16,3.8841e+16,3.8841e+16,0,0,0,0,0,0,1,0,0,0,0,0,0,NaN,NaN,0.36638,0.32566,0.36638,0.36902,0.45715,0.16059,NaN,NaN,202,31.218,5048,1.2592e+05,14.019,198.32,40384,2008,768,0.91385,0.94266,0.036733,0.02658,0.00029426,0.26852,1099.3,670.61,0.018229,0.0032059,0,0.05507,0,0.045371,0.0020328,0.00091038,0.0087077,0.004663,2.7207,1.7108,0.4489,0.094603,0.43406,0.42278,0.12264,0.45641,0.32331,0.13279,0.44043,0.28101,8.7661,3.3823,37448,63259,61995,0.080031,0.083177,0.027378,0.16864,0.1828,0.030316,0.2558,0.28571,0.032205,0.33967,0.38091,0.033683,0.41462,0.45834,0.034551,0.0036641,0.0027415,0.013248,0.0018754,0.019033,-0.034762,0.0078741,0.0058833,0.013504,0.0027897,0.024786,-0.047905,0.013465,0.010092,0.0137,0.003745,0.030591,-0.060183,0.0016023,0.0011752,0.014501,0.0017073,0.015235,-0.025915,0.0042639,0.003155,0.017629,0.0041183,0.018701,-0.037189,0.0077083,0.0057962,0.018558,0.005908,0.021582,-0.044817,0.0017757,0.001362,0.011555,0.00059203,0.0099056,-0.02105,0.0031068,0.0023655,0.0099752,-0.00019095,0.013253,-0.027443,0.0051503,0.0039022,0.01002,-0.00020396,0.017361,-0.03614,0.00028613,0.00020425,0.023075,0.0020045,0.011263,-0.012068,0.00064551,0.00047048,0.016497,0.0014748,0.016612,-0.014961,0.0010912,0.00079347,0.013865,0.0011404,0.021693,-0.018808,0.69753,91,109,91,746,2,2,2,0
60,-0.013537,0.26111,0.2653,-0.85694,0.22752,-0.53356,-0.37737,0.50059,2.0146,0.33898,2.9539,0.0015355,3.7502,7.0162,0.28494,11.202,0.015137,0.85728,3.8867e+16,3.8867e+16,3.8867e+16,3.8867e+16,0,0,0,0,0,0,1,0,0,0,0,0,0,NaN,NaN,0.28964,0.15335,0.28964,0.27634,0.46467,0.1485,NaN,NaN,288,36.896,7364,1.8975e+05,16.56,278.55,58912,4992,2472,0.91337,0.93891,0.085319,0.059843,0.044008,0.3309,1231.7,729.85,0.030351,0.0029536,0,0.03241,0,0.026192,0.00019099,0.021835,0.0018525,0.043923,3.9285,4.8365,1.736,0.093744,0.44505,0.42737,0.11017,0.47186,0.36313,0.11126,0.46753,0.36772,6.2319,3.4189,20867,39671,37301,0.11479,0.11929,0.061884,0.22484,0.2317,0.063695,0.32281,0.33193,0.064048,0.42773,0.44792,0.066841,0.51074,0.53607,0.067073,0.016719,0.017437,0.095264,0.039916,0.053261,0.016766,0.033882,0.035053,0.091571,0.052114,0.068451,0.018415,0.054798,0.056589,0.087866,0.0627,0.082488,0.021697,0.0079033,0.0089187,0.11272,0.031193,0.040145,0.034994,0.016759,0.018526,0.1092,0.041638,0.050049,0.039113,0.026776,0.029628,0.10159,0.04869,0.057919,0.048361,0.0085132,0.0082773,0.087299,0.026383,0.033329,-0.0075221,0.01677,0.01634,0.084856,0.034357,0.043919,-0.0095381,0.02815,0.027363,0.086309,0.043984,0.055328,-0.013219,0.00030239,0.00024093,0.038431,0.0027824,0.016668,-0.015259,0.001301,0.0010659,0.052397,0.006861,0.025949,-0.020328,0.0026363,0.0021816,0.052788,0.0092992,0.034946,-0.025338,0.86276,91,109,91,746,2,2,2,0
60,-0.0010535,0.069371,0.070487,-0.96406,0.066153,-0.72499,-0.24799,-0.3961,2.0939,-0.26551,3.084,0.001129,1.7635,6.6988,0.069122,10.542,0.014246,0.96535,2.8734e+16,2.8734e+16,2.8734e+16,2.8734e+16,0,0,0,0,0,0,1,0,0,0,0,0,0,NaN,NaN,0.18305,0.16856,0.18305,0.15208,0.19928,0.0997,NaN,NaN,248,58.395,7181,2.5616e+05,12.455,166.46,57448,27440,5432,0.91299,0.93963,0.09035,0.062016,0.055217,0.34234,1514.6,916.96,0.034033,0.0042797,0,0.024426,0,0.027167,0.00094922,0.011391,0.0026072,0.017208,4.1877,4.5859,1.0827,0.09261,0.44026,0.42984,0.10704,0.45618,0.37343,0.10774,0.45908,0.36722,8.1985,3.4387,27975,60365,58249,0.10674,0.10958,0.07243,0.20028,0.20439,0.071412,0.28165,0.28583,0.070334,0.34967,0.35476,0.068775,0.40774,0.4122,0.067396,0.008936,0.0083937,0.064086,0.019705,0.035936,-0.019773,0.01892,0.018141,0.064357,0.027156,0.04773,-0.018261,0.03078,0.030112,0.062119,0.03261,0.057319,-0.011879,0.0020624,0.0017586,0.037021,0.0048012,0.020722,-0.022678,0.0042946,0.0036377,0.03522,0.0059308,0.024265,-0.032386,0.0073706,0.0062872,0.035197,0.0075418,0.026634,-0.039408,0.0067915,0.0065587,0.087656,0.022297,0.027879,-0.0097939,0.014668,0.014535,0.093414,0.03264,0.040431,-0.0035174,0.023853,0.024235,0.092051,0.040158,0.051404,0.0076836,8.2186e-05,7.635e-05,0.013147,-0.00080994,0.010677,-0.0023675,0.00029849,0.00026179,0.015131,-0.0008906,0.016868,-0.0076211,0.00067903,0.00058662,0.017113,-0.00074404,0.023111,-0.011373,0.83963,91,109,91,746,2,2,2,0
60,-0.0012035,0.045972,0.046888,-0.97624,0.042731,-1.2669,0.29775,-0.86323,4.1638,-0.093505,3.073,0.0004741,1.0581,4.8849,0.046797,6.7666,0.0091441,0.97656,3.4384e+16,3.4384e+16,3.4384e+16,3.4384e+16,0,0,0,0,0,0,1,0,0,0,0,0,0,NaN,NaN,0.57294,0.27663,0.57294,0.24891,0.67998,0.1481,NaN,NaN,173,140.48,20412,2.4289e+06,12.826,167.1,1.633e+05,17104,3128,0.90431,0.92574,0.30737,0.24346,0.15879,0.71037,4097.3,2047.5,0.049919,0.0058022,0,0.042056,0,0.029162,0.0030848,0.02601,0.0053199,0.036252,1.1506,1.4386,0.39136,0.091084,0.45269,0.42392,0.097877,0.47296,0.38685,0.096596,0.47238,0.39203,12.621,3.3914,40712,1.5689e+05,1.5552e+05,0.11425,0.11107,0.11309,0.22435,0.22736,0.1167,0.32222,0.33518,0.11739,0.4122,0.43801,0.11827,0.48529,0.51554,0.11702,0.019527,0.020883,0.2043,0.065484,0.066111,0.020673,0.037606,0.040167,0.18662,0.080605,0.082784,0.026674,0.057477,0.061187,0.16922,0.090683,0.094826,0.030738,0.010846,0.01205,0.28404,0.061075,0.059299,0.024137,0.0193,0.020816,0.2309,0.066926,0.06436,0.021529,0.027834,0.02937,0.19391,0.069563,0.066762,0.017864,0.0078911,0.0080428,0.14858,0.032769,0.033545,0.0036626,0.016862,0.017757,0.15666,0.047196,0.049582,0.013984,0.027952,0.029788,0.15736,0.059489,0.063393,0.021663,0.00078963,0.00079037,0.18427,0.014373,0.02071,6.6256e-05,0.0023183,0.0023634,0.17143,0.019957,0.029568,0.0019545,0.0040873,0.004197,0.15028,0.022767,0.036204,0.0033724,0.8211,91,109,91,746,2,2,2,0
60,-0.0025439,0.04442,0.047705,-0.97582,0.035611,-1.4672,0.50351,-0.40145,2.6362,-0.0047013,3.066,0.00057432,0.95297,4.3623,0.047595,5.8227,0.0078685,0.97616,3.3384e+16,3.3384e+16,3.3384e+16,3.3384e+16,0,0,0,0,0,0,1,0,0,0,0,0,0,NaN,NaN,0.3714,0.32003,0.3714,0.32265,0.44435,0.14508,NaN,NaN,159,157.41,23054,3.338e+06,12.481,156.86,1.8443e+05,2024,1936,0.90316,0.92119,0.30885,0.25094,0.13096,0.7016,4481.5,2220.4,0.046988,0.0057232,0,0.046656,0,0.030812,0.0011144,0.028315,0.0011391,0.035036,2.3303,3.7367,0.97276,0.0926,0.45557,0.42634,0.097197,0.46745,0.41051,0.1,0.48132,0.3952,16.448,3.4107,38289,1.6961e+05,1.6836e+05,0.12732,0.14973,0.12812,0.2586,0.29728,0.13674,0.36783,0.41534,0.13622,0.4502,0.49692,0.13132,0.51463,0.55482,0.12615,0.010942,0.011222,0.11638,0.032059,0.039994,0.0053767,0.022356,0.022914,0.11278,0.042073,0.051732,0.0070404,0.035016,0.036056,0.1048,0.048092,0.060723,0.010187,0.0084555,0.0093849,0.2251,0.046427,0.048396,0.020024,0.016448,0.018506,0.20004,0.056046,0.05838,0.029925,0.024903,0.028571,0.17636,0.061426,0.065445,0.042213,0.0022556,0.0016891,0.043174,0.0035385,0.010085,-0.024824,0.0053419,0.0040427,0.050453,0.0074571,0.015543,-0.033998,0.0091319,0.0068294,0.052262,0.010185,0.020122,-0.043825,0.000231,0.00014799,0.054799,0.0022662,0.011985,-0.012495,0.00073865,0.00047226,0.055528,0.0035339,0.016668,-0.019666,0.0015321,0.00099628,0.057263,0.0050639,0.021555,-0.025923,0.75747,91,109,91,746,2,2,2,0
60,-0.00065582,0.11797,0.11729,-0.93944,0.11714,-0.97267,0.035363,-0.2542,2.2705,-0.12907,3.1671,0.00051442,2.4137,7.1426,0.11391,11.158,0.015078,0.94278,3.9718e+16,3.9718e+16,3.9718e+16,3.9718e+16,0,0,0,0,0,0,1,0,0,0,0,0,0,NaN,NaN,0.58512,0.19412,0.58512,0.27567,0.58926,0.15139,NaN,NaN,213,54.338,6924,2.3914e+05,13.202,183.97,55392,10736,9712,0.91177,0.93811,0.056346,0.041465,0.030557,0.25462,2021.2,912.43,0.032294,0.0044435,0,0.038023,0,0.032119,0.0039354,0.000876,0.0080496,0.0030373,1.2197,1.1218,2.1251,0.09264,0.44087,0.43177,0.10162,0.46754,0.38043,0.10908,0.46522,0.37781,7.8988,3.4542,52701,1.1458e+05,1.1345e+05,0.11217,0.09999,0.061284,0.20815,0.18495,0.059762,0.28387,0.24823,0.05708,0.33751,0.29085,0.053453,0.37484,0.32127,0.049889,0.007519,0.0065204,0.04342,0.013543,0.031173,-0.026913,0.015455,0.013319,0.042331,0.017799,0.039374,-0.037488,0.025222,0.021569,0.040987,0.021353,0.045628,-0.049086,0.00078844,0.00058205,0.011396,-0.0016126,0.017584,-0.017676,0.0018,0.001365,0.011887,-0.0020157,0.019381,-0.022532,0.0028536,0.0021817,0.010973,-0.0030852,0.019562,-0.026384,0.0067305,0.0059383,0.069948,0.019735,0.024806,-0.022478,0.013788,0.012065,0.070707,0.026987,0.034294,-0.032021,0.02284,0.019778,0.070972,0.034,0.042989,-0.0433,0,0,0,-0.0020417,0.0080058,0,5.5065e-06,3.6807e-06,0.00022476,-0.0030496,0.012787,-0.0069912,8.0286e-05,5.5424e-05,0.0016293,-0.0037347,0.017337,-0.0094518,0.74923,91,109,91,746,2,2,2,0
60,-0.00015889,0.073342,0.073268,-0.96262,0.073185,-0.99505,0.03369,0.0008401,1.8659,0.063066,3.1726,0.0018915,1.5157,5.6791,0.071051,8.6167,0.011644,0.96437,3.4238e+16,3.4238e+16,3.4238e+16,3.4238e+16,0,0,0,0,0,0,1,0,0,0,0,0,0,NaN,NaN,0.27929,0.10361,0.27929,0.24942,0.4449,0.13695,NaN,NaN,248,50.952,9412,3.5764e+05,15.521,243.21,75296,3904,3024,0.91118,0.93614,0.02642,0.019757,0.014092,0.10344,1242.8,717.2,0.02375,0.0028815,0,0.043672,0,0.032072,0.015557,0.026595,0.028718,0.042312,3.5884,3.7697,0.77454,0.093522,0.44864,0.42521,0.10983,0.47631,0.36842,0.10917,0.48535,0.36396,5.3387,3.4017,27588,64261,63356,0.11254,0.097532,0.066105,0.20749,0.17654,0.064046,0.27685,0.23296,0.05985,0.32959,0.27483,0.05612,0.36629,0.30418,0.052412,0.0092764,0.0071174,0.057592,0.019331,0.03378,-0.047378,0.016893,0.012942,0.049746,0.021275,0.040986,-0.061967,0.025417,0.01955,0.044406,0.022441,0.046382,-0.073185,0.0031252,0.0024039,0.048566,0.0095786,0.022901,-0.027336,0.0062772,0.0048346,0.044565,0.011553,0.026905,-0.037893,0.010532,0.0081094,0.043538,0.014152,0.030039,-0.047435,0.0060236,0.0046237,0.067303,0.017665,0.022936,-0.037962,0.010643,0.0081265,0.05868,0.019684,0.029292,-0.049111,0.015526,0.0119,0.051868,0.020581,0.034498,-0.057395,0.00012756,8.9877e-05,0.017663,1.3934e-06,0.011886,-0.0083789,0.00038273,0.00026073,0.016795,-0.00015579,0.016449,-0.013182,0.00059741,0.00040375,0.013034,-0.0011254,0.020186,-0.015276,0.9479,91,109,91,746,2,2,2,0
60,-0.0012493,0.14858,0.14814,-0.92285,0.14622,-1.0279,0.11388,-0.33368,4.4222,0.090418,3.1404,4.7415e-05,4.5676,11.677,0.1526,23.136,0.031264,0.92354,4.3862e+16,4.3862e+16,4.3862e+16,4.3862e+16,0,0,0,0,0,0,1,0,0,0,0,0,0,NaN,NaN,0.42832,0.22634,0.42832,0.29965,0.61928,0.18551,NaN,NaN,238,78.513,15411,1.0012e+06,15.19,233.05,1.2329e+05,8360,3632,0.91148,0.93566,0.12164,0.08581,0.069495,0.42534,2698.7,1129.4,0.03058,0.0042198,0,0.02812,0,0.026591,0.0032086,0.010366,0.0042934,0.015155,2.2668,4.692,2.0694,0.091134,0.43774,0.44126,0.097997,0.44666,0.4198,0.099373,0.45009,0.417,9.97,3.5301,20692,51810,49479,0.097838,0.094861,0.079761,0.18624,0.18215,0.079782,0.26678,0.26053,0.080041,0.33431,0.32382,0.079002,0.39016,0.37623,0.077482,0.0094472,0.00854,0.081402,0.023459,0.037533,-0.03041,0.018463,0.016721,0.075456,0.028774,0.047652,-0.039277,0.028615,0.025819,0.069384,0.032069,0.054356,-0.049355,0.0020558,0.0016765,0.044338,0.0052362,0.017995,-0.028163,0.0044507,0.0036743,0.043854,0.0070773,0.021657,-0.0357,0.0068846,0.005754,0.0395,0.0069857,0.022541,-0.040029,0.0071516,0.0066804,0.1109,0.026184,0.031218,-0.017979,0.013826,0.012936,0.10579,0.033222,0.041753,-0.02319,0.021927,0.020302,0.10166,0.039531,0.050451,-0.032846,0.00023981,0.00018311,0.046088,0.0022068,0.014951,-0.013828,0.00061891,0.00047373,0.037693,0.0020425,0.020893,-0.01777,0.00092452,0.00071156,0.027994,0.00072568,0.024989,-0.020284,0.85818,91,109,91,746,2,2,2,0
60,-0.0022997,0.23931,0.238,-0.87274,0.2354,-0.78148,-0.10457,-0.4515,3.5897,-0.026817,3.1316,9.4523e-06,5.3106,10.548,0.25283,16.505,0.022304,0.87333,4.7039e+16,4.7039e+16,4.7039e+16,4.7039e+16,0,0,0,0,0,0,1,0,0,0,0,0,0,NaN,NaN,0.43519,0.44103,0.44103,0.34151,0.35831,0.16803,NaN,NaN,246,72.122,13401,7.374e+05,15.278,237.33,1.0721e+05,8408,6880,0.91141,0.93495,0.1093,0.077583,0.068479,0.39391,1525.1,856.47,0.032413,0.0038806,0,0.028583,0,0.027126,0.0077973,0.014502,0.012048,0.021065,1.6838,0.22099,1.3609,0.096554,0.45142,0.40893,0.11484,0.48526,0.32955,0.11505,0.48381,0.31987,3.5737,3.2714,14442,36020,34084,0.10215,0.099172,0.080247,0.20736,0.20493,0.085597,0.30611,0.30808,0.088498,0.4049,0.419,0.092201,0.4874,0.51014,0.09327,0.020801,0.024735,0.1727,0.062589,0.072535,0.086231,0.040594,0.048021,0.15987,0.078343,0.092511,0.11174,0.064358,0.07585,0.15037,0.092221,0.11001,0.13486,0.0061025,0.0066515,0.12682,0.027739,0.035832,0.022591,0.013369,0.014737,0.12693,0.038469,0.047019,0.03615,0.022801,0.025747,0.12606,0.048577,0.057544,0.057334,0.013989,0.017367,0.20903,0.057218,0.061366,0.089727,0.026746,0.032928,0.1972,0.072237,0.079491,0.11276,0.04169,0.051031,0.18626,0.084844,0.095254,0.13424,0.00070946,0.00071647,0.13139,0.011218,0.020925,0.00088237,0.0018057,0.001798,0.10597,0.012982,0.029112,-0.00055491,0.0033768,0.0032467,0.098528,0.015835,0.038108,-0.0066068,1.1166,91,109,91,746,2,2,2,0
60,-0.00078219,0.093461,0.093421,-0.95208,0.092282,-1.0572,0.11038,-0.089001,1.7872,0.002996,3.0903,0.0026546,1.9069,6.2055,0.094182,9.2806,0.012541,0.95281,3.5957e+16,3.5957e+16,3.5957e+16,3.5957e+16,0,0,0,0,0,0,1,0,0,0,0,0,0,NaN,NaN,0.31197,0.10568,0.31197,0.52329,0.58318,0.16495,NaN,NaN,249,45.349,8115,2.6648e+05,15.395,240.7,64920,6544,1848,0.91221,0.93801,0.010002,0.007238,0.021464,0.060851,1209,702.32,0.023219,0.002778,0,0.04338,0,0.029394,0.011528,0.028172,0.019212,0.050651,0.36101,0.63482,0.42031,0.090532,0.43744,0.44246,0.10318,0.45153,0.40973,0.099013,0.45612,0.41279,5.2823,3.5397,30148,64133,63064,0.10696,0.097332,0.059429,0.19134,0.17066,0.055866,0.25091,0.22148,0.051307,0.29595,0.2593,0.047665,0.32683,0.2844,0.044236,0.0048155,0.0037347,0.028279,0.0057611,0.026816,-0.040005,0.0096496,0.0076202,0.026878,0.0069364,0.033848,-0.050289,0.015082,0.012024,0.024924,0.0070917,0.038445,-0.058541,0.0024168,0.0018898,0.035525,0.0059955,0.020646,-0.028524,0.0051959,0.0042022,0.034893,0.0080265,0.024136,-0.033673,0.0081125,0.0066453,0.031722,0.0084415,0.025348,-0.038084,0.0022749,0.0017541,0.024043,0.0026859,0.015311,-0.02689,0.0041371,0.0031918,0.021575,0.0024052,0.020001,-0.035329,0.0066376,0.0051582,0.020974,0.002644,0.024066,-0.04291,0.00012374,9.087e-05,0.016208,-6.0265e-05,0.013042,-0.0082664,0.00033754,0.00024229,0.01401,-0.00050168,0.018633,-0.013195,0.00059336,0.00042113,0.012245,-0.0011149,0.023918,-0.017111,0.91819,91,109,91,746,2,2,2,0
60,-0.0015522,0.18088,0.17988,-0.90547,0.17867,-0.83142,-0.081789,-0.95859,2.9214,-0.30511,2.9159,9.371e-09,2.6509,6.0951,0.18866,9.2033,0.012437,0.90554,4.2978e+16,4.2978e+16,4.2978e+16,4.2978e+16,0,0,0,0,0,0,1,0,0,0,0,0,0,NaN,NaN,0.17699,0.2917,0.2917,0.27879,0.28299,0.15501,NaN,NaN,241,74.32,16576,1.1383e+06,15.422,238.9,1.3261e+05,912,880,0.91258,0.93463,0.060943,0.043536,0.031396,0.23768,1212.2,781.94,0.019108,0.0028336,0,0.022574,0,0.020406,3.4624e-05,0.013629,0.0033365,0.020736,3.3683,4.5717,1.7724,0.093438,0.4466,0.43243,0.10769,0.47236,0.3944,0.11041,0.47516,0.39079,3.9912,3.4594,19093,48898,47308,0.11585,0.11214,0.092093,0.20213,0.19055,0.084433,0.26164,0.24202,0.076544,0.30524,0.27894,0.070334,0.33876,0.30669,0.065599,0.0051713,0.0042933,0.043449,0.0081642,0.025652,-0.036717,0.010139,0.0086826,0.040403,0.0094414,0.033157,-0.041407,0.015862,0.013916,0.037503,0.0098482,0.038681,-0.043122,0.0025458,0.0021775,0.053538,0.0079223,0.020072,-0.021841,0.0052565,0.0048086,0.050503,0.0098516,0.024151,-0.017804,0.0086804,0.0082452,0.048562,0.011633,0.027237,-0.013111,0.0026072,0.0021029,0.039422,0.0047659,0.014306,-0.030283,0.0050594,0.0040758,0.037749,0.0057343,0.019809,-0.039162,0.0075986,0.0060887,0.034353,0.0054279,0.023798,-0.047788,1.8404e-05,1.2826e-05,0.0034489,-0.0021152,0.012783,-0.0072219,0.00011953,8.3855e-05,0.0070983,-0.0026312,0.018488,-0.011352,0.0002746,0.00019534,0.0081076,-0.0033162,0.023271,-0.014098,1.2233,91,109,91,746,2,2,2,0
60,-0.0019142,0.12625,0.12687,-0.93432,0.12161,-1.1245,0.20354,-0.49608,3.5291,-0.31309,3.0416,0.00026458,2.2049,6.1242,0.12928,10.396,0.014049,0.93521,4.0823e+16,4.0823e+16,4.0823e+16,4.0823e+16,0,0,0,0,0,0,1,0,0,0,0,0,0,NaN,NaN,0.36092,0.28069,0.36092,0.28298,0.35392,0.12357,NaN,NaN,194,63.464,9717,4.8751e+05,13.697,189.69,77736,4952,2088,0.91056,0.93465,0.099512,0.078331,0.014041,0.4199,2253.5,925.55,0.027546,0.0041689,0,0.039356,0,0.03384,0.00043778,0.015684,0.0016973,0.023603,1.5978,0.13925,0.86543,0.096333,0.44619,0.41526,0.112,0.47117,0.34696,0.11605,0.47368,0.33732,8.7431,3.3221,57030,1.527e+05,1.5183e+05,0.13931,0.16808,0.077401,0.26534,0.32022,0.07747,0.36828,0.42874,0.075307,0.4423,0.49548,0.071236,0.49401,0.5372,0.066863,0.0068243,0.0072738,0.040076,0.011628,0.02848,0.010197,0.013915,0.01586,0.038759,0.015031,0.037303,0.029363,0.023053,0.026074,0.038097,0.018448,0.044057,0.034652,0.0004686,0.00030346,0.0068881,-0.0031235,0.011761,-0.014958,0.0014456,0.00091999,0.0097081,-0.0030828,0.013341,-0.026591,0.00319,0.002045,0.012474,-0.0023723,0.014426,-0.036164,0.0063555,0.0069702,0.06717,0.018454,0.025949,0.014401,0.012611,0.015031,0.065768,0.024195,0.036499,0.038109,0.020307,0.02431,0.06417,0.029343,0.045121,0.048667,1.9414e-07,1.2111e-07,2.543e-05,-0.0020559,0.0084358,-0.0048565,1.202e-05,7.4984e-06,0.00049893,-0.0030252,0.011054,-0.0048565,7.93e-05,5.0295e-05,0.0016365,-0.0037714,0.013764,-0.0075034,0.75588,91,109,91,746,2,2,2,0
60,-0.0050988,0.070687,0.081429,-0.95836,0.048033,-1.5721,0.64041,-1.4187,7.2862,-0.081302,2.9251,0.0056975,1.5108,5.2345,0.083079,7.5129,0.010153,0.9584,3.9992e+16,3.9992e+16,3.9992e+16,3.9992e+16,0,0,0,0,0,0,1,0,0,0,0,0,0,NaN,NaN,0.62658,0.34717,0.62658,0.26916,0.76596,0.17286,NaN,NaN,202,90.262,16156,1.2901e+06,14.09,199.69,1.2925e+05,2232,1696,0.90742,0.92787,0.1899,0.15726,0.042484,0.51754,3122.6,1274.4,0.039179,0.0061024,0,0.055333,0,0.029434,0.00026737,0.045329,0.00040416,0.058469,1.8971,1.1967,1.1129,0.10487,0.4582,0.39639,0.12413,0.48068,0.34133,0.13239,0.50061,0.30452,12.046,3.1711,51805,2.1905e+05,2.1837e+05,0.12908,0.13791,0.099754,0.23331,0.23908,0.094746,0.31237,0.31139,0.088842,0.37525,0.36361,0.08406,0.42399,0.40438,0.079817,0.024191,0.041713,0.19759,0.073787,0.10838,0.18921,0.046237,0.076461,0.17913,0.090363,0.12955,0.22372,0.069448,0.11167,0.15963,0.10003,0.14226,0.25026,0.019958,0.038337,0.40804,0.10425,0.153,0.21642,0.037268,0.06933,0.3481,0.12193,0.1738,0.26174,0.055133,0.10016,0.29986,0.13222,0.18486,0.29656,0.0038787,0.0031593,0.057016,0.010512,0.013761,-0.019686,0.0082766,0.0068684,0.060034,0.01544,0.020168,-0.024503,0.013293,0.011336,0.058425,0.018511,0.02552,-0.025842,0.00035437,0.00021662,0.064561,0.0043371,0.013842,-0.014896,0.0011139,0.00070071,0.064308,0.006528,0.019526,-0.020926,0.0024295,0.0015994,0.069735,0.00991,0.025328,-0.027096,0.78487,91,109,91,746,2,2,2,0
60,-0.0026799,0.23628,0.23771,-0.87291,0.22838,-0.69994,-0.19815,0.19087,2.1112,0.025513,3.1614,0.0013492,3.6601,7.3425,0.24783,11.38,0.015378,0.87555,4.6353e+16,4.6353e+16,4.6353e+16,4.6353e+16,0,0,0,0,0,0,1,0,0,0,0,0,0,NaN,NaN,0.38149,0.13611,0.38149,0.51207,0.53195,0.21887,NaN,NaN,249,80.715,16917,1.1481e+06,15.649,246.26,1.3534e+05,2872,2552,0.91111,0.93234,0.1474,0.10645,0.097151,0.45057,1972.7,1050.6,0.022513,0.0027854,0,0.027564,0,0.028193,0.0016812,0.0041967,0.0028883,0.006394,5.0142,7.8318,3.2047,0.097091,0.45595,0.40772,0.11676,0.49184,0.33256,0.11862,0.49311,0.32346,4.3632,3.2618,10772,29511,27596,0.10123,0.099894,0.088029,0.2054,0.206,0.093855,0.30495,0.31132,0.097594,0.41146,0.42771,0.10371,0.5075,0.53426,0.1075,0.020507,0.025488,0.18848,0.064858,0.078316,0.10534,0.039415,0.047646,0.17182,0.079725,0.096112,0.12045,0.061964,0.07307,0.16026,0.092867,0.11092,0.12758,0.0082504,0.010725,0.1898,0.04186,0.053595,0.081157,0.015312,0.01899,0.16093,0.047765,0.059928,0.084722,0.023658,0.028199,0.14479,0.053545,0.064879,0.082489,0.011495,0.014025,0.19013,0.048161,0.05432,0.072471,0.023708,0.028592,0.1935,0.066279,0.073934,0.091943,0.038212,0.045558,0.18898,0.080845,0.090198,0.10627,0.0007615,0.00073729,0.15611,0.012875,0.021031,-0.0029119,0.0021088,0.0019867,0.13699,0.01663,0.03042,-0.0080568,0.0041649,0.0039386,0.13452,0.021803,0.040256,-0.010072,1.1445,91,109,91,746,2,2,2,0
60,-0.0031697,0.29389,0.29293,-0.84064,0.28727,-0.72373,-0.13907,0.31272,2.7441,0.059796,3.1454,0.00027735,2.4991,4.5019,0.30736,6.3783,0.0086193,0.84528,4.7343e+16,4.7343e+16,4.7343e+16,4.7343e+16,0,0,0,0,0,0,1,0,0,0,0,0,0,NaN,NaN,0.099045,0.23746,0.23746,0.11052,0.15965,0.077657,NaN,NaN,165,135.15,18774,2.1448e+06,12.592,160.61,1.5019e+05,11608,5464,0.91041,0.93593,0.34109,0.24031,0.24894,0.81607,3555.1,2116.2,0.018671,0.0028797,0,0.039411,0,0.045332,0.0010693,0.0034796,0.0017066,0.0060427,1.1925,0.50206,1.091,0.081574,0.43531,0.46155,0.072508,0.43713,0.47529,0.070438,0.4392,0.47713,24.151,3.6924,19526,47854,45142,0.07951,0.078733,0.073133,0.1588,0.15622,0.076754,0.23835,0.23391,0.080683,0.31855,0.311,0.084931,0.39855,0.38943,0.089298,0.010382,0.0098794,0.10093,0.028494,0.039424,-0.019429,0.019884,0.019406,0.091687,0.034101,0.05121,-0.012483,0.030542,0.030161,0.083554,0.037671,0.059998,-0.0079006,0.0046311,0.0043181,0.11269,0.021167,0.02815,-0.017856,0.0087692,0.0084748,0.097487,0.024082,0.033144,-0.011513,0.013634,0.013585,0.088259,0.026618,0.037009,-0.0015089,0.0043163,0.0042148,0.075518,0.013682,0.020812,-0.0062571,0.0088857,0.0087846,0.076711,0.018911,0.029729,-0.0039459,0.013617,0.013536,0.071233,0.02106,0.035967,-0.0024794,0.0014347,0.0013466,0.3111,0.027321,0.03387,-0.010662,0.0042573,0.0041717,0.29253,0.038667,0.051004,-0.0050925,0.0082884,0.0082693,0.28316,0.050012,0.067372,-0.00078514,0.69794,91,109,91,746,2,2,2,0
60,-0.00067744,0.22957,0.22937,-0.87768,0.2285,-0.93182,0.061679,-0.38814,3.794,0.016046,3.153,4.5034e-05,4.8146,9.8655,0.23754,17.216,0.023264,0.88067,4.9084e+16,4.9084e+16,4.9084e+16,4.9084e+16,0,0,0,0,0,0,1,0,0,0,0,0,0,NaN,NaN,0.38075,0.31652,0.38075,0.37842,0.46811,0.18762,NaN,NaN,263,47.719,7746,2.4274e+05,14.737,228.09,61968,14640,6344,0.91357,0.9373,0.037953,0.027271,0.014262,0.18415,1141.2,695.45,0.026288,0.003635,0,0.044993,0,0.034175,0.010669,0.020174,0.020439,0.035647,4.2173,5.8862,1.8068,0.089747,0.44702,0.42297,0.10376,0.48198,0.34027,0.10095,0.49435,0.32599,4.6075,3.3838,20539,44368,43044,0.090745,0.093203,0.054036,0.17851,0.18458,0.055859,0.25949,0.26757,0.056867,0.33943,0.34996,0.058589,0.41135,0.42587,0.059669,0.018773,0.018971,0.11816,0.048202,0.05313,0.0040681,0.036676,0.037141,0.10949,0.060311,0.06843,0.0064377,0.056587,0.057434,0.10022,0.068596,0.080234,0.0092818,0.0044286,0.00408,0.069766,0.015965,0.0241,-0.014494,0.0085483,0.0078616,0.061523,0.018603,0.028367,-0.019362,0.01322,0.012304,0.055401,0.020366,0.031343,-0.02035,0.013999,0.014618,0.15856,0.049712,0.04672,0.014797,0.028372,0.029613,0.15857,0.067038,0.064435,0.019553,0.044899,0.046884,0.15206,0.080147,0.078968,0.024347,0.00034596,0.00027391,0.048566,0.003656,0.015347,-0.011638,0.00093898,0.00074207,0.04177,0.0043098,0.022447,-0.017479,0.0019789,0.0016104,0.043767,0.0062624,0.029854,-0.022407,0.92432,91,109,91,746,2,2,2,0
60,-0.00031267,0.093165,0.09278,-0.95242,0.092764,-0.96497,0.013178,-0.31578,2.3768,-0.055606,3.1412,0.00037478,2.1649,7.0536,0.093955,11.302,0.015273,0.95294,3.6418e+16,3.6418e+16,3.6418e+16,3.6418e+16,0,0,0,0,0,0,1,0,0,0,0,0,0,NaN,NaN,0.36679,0.083647,0.36679,0.37225,0.57458,0.18603,NaN,NaN,235,78.911,16165,1.1116e+06,15.187,232.09,1.2932e+05,5152,1584,0.91254,0.93704,0.083689,0.058127,0.061334,0.28514,1417.4,825.77,0.020796,0.0033995,0,0.033833,0,0.02868,0.0057057,0.0068973,0.0066664,0.017206,1.6221,1.0454,0.20532,0.096051,0.44386,0.42747,0.11694,0.45934,0.38151,0.11714,0.46383,0.37694,4.0796,3.4197,18789,46498,44235,0.1181,0.11574,0.095941,0.21575,0.20892,0.092106,0.28876,0.27723,0.086336,0.3439,0.32787,0.080985,0.38252,0.36271,0.0757,0.0043333,0.0038869,0.037208,0.0052837,0.026202,-0.02242,0.0086242,0.0076109,0.035124,0.0060582,0.031444,-0.034257,0.014029,0.012338,0.033898,0.0067877,0.035926,-0.043862,0.0021454,0.0019299,0.046109,0.0057357,0.020267,-0.015397,0.0042332,0.0037547,0.041565,0.0062819,0.02136,-0.02307,0.0069694,0.0062458,0.039848,0.0071994,0.022351,-0.026757,0.002164,0.0019388,0.03344,0.0027401,0.015462,-0.01592,0.0043975,0.0038657,0.033531,0.0037322,0.020938,-0.025187,0.0072755,0.006287,0.033615,0.0047223,0.025887,-0.035411,2.3916e-05,1.8198e-05,0.0045803,-0.0020307,0.010317,-0.0049111,7.036e-05,5.2797e-05,0.0042702,-0.0031233,0.013552,-0.0067841,0.00015994,0.00011949,0.004826,-0.0040726,0.017348,-0.011058,1.11,91,109,91,746,2,2,2,0
60,-0.029709,0.50293,0.52774,-0.6867,0.40756,-0.35901,-0.4772,-0.18951,3.4396,0.055872,3.1739,0.000156,5.6635,7.1555,0.62477,12.05,0.016283,0.68704,4.9275e+16,4.9275e+16,4.9275e+16,4.9275e+16,0,0,0,0,0,0,1,0,0,0,0,0,0,NaN,NaN,0.42249,0.11131,0.42249,0.24078,0.74555,0.1586,NaN,NaN,233,59.682,11573,5.7423e+05,15.114,229.96,92584,2280,2056,0.91231,0.93709,0.14961,0.10679,0.090201,0.50741,2076.6,991.06,0.031043,0.003664,0,0.030021,0,0.028698,0.00047664,0.013858,0.00058258,0.028128,2.7787,3.5529,1.531,0.094483,0.4511,0.41556,0.11363,0.4964,0.33176,0.11282,0.49502,0.32199,7.0075,3.3245,18665,39985,37825,0.11156,0.11287,0.070796,0.21732,0.22206,0.072472,0.31754,0.32503,0.074164,0.42741,0.44379,0.078627,0.52463,0.55245,0.081105,0.019826,0.027177,0.13298,0.053078,0.075251,0.1515,0.038331,0.04992,0.12195,0.065661,0.091346,0.16388,0.061285,0.076835,0.11568,0.078014,0.10531,0.17236,0.0059212,0.0077886,0.099413,0.023966,0.039575,0.071318,0.012485,0.01539,0.09576,0.031693,0.046929,0.071713,0.02031,0.023972,0.090712,0.037705,0.051881,0.068752,0.013331,0.018927,0.16092,0.048586,0.062803,0.13936,0.025606,0.03548,0.15253,0.061639,0.080666,0.16959,0.041811,0.056145,0.15091,0.076337,0.097287,0.1915,0.00057349,0.00046175,0.085799,0.0077092,0.017033,-0.016464,0.0019355,0.0015762,0.091762,0.012717,0.026723,-0.024143,0.0038886,0.0032003,0.09166,0.017031,0.036352,-0.030504,0.8853,91,109,91,746,2,2,2,0
60,-0.0011825,0.24272,0.24183,-0.87055,0.24121,-0.82674,-0.050321,0.23255,3.1484,-0.039175,3.2017,0.00015253,4.0702,8.0994,0.25187,12.793,0.017288,0.87348,4.8091e+16,4.8091e+16,4.8091e+16,4.8091e+16,0,0,0,0,0,0,1,0,0,0,0,0,0,NaN,NaN,0.27327,0.27888,0.27888,0.43708,0.63021,0.19087,NaN,NaN,399,26.89,5347,73080,19.086,375.02,42776,3384,2848,0.91533,0.9452,0.059308,0.037668,0.05207,0.23228,1387.7,857.26,0.018879,0.002823,0,0.027389,0,0.030027,0.0081121,0.0078664,0.015457,0.01098,3.6787,4.7575,1.5929,0.091031,0.44049,0.43825,0.11053,0.47269,0.37614,0.11085,0.47796,0.36947,7.5624,3.506,10445,19640,14666,0.10394,0.10371,0.062787,0.19577,0.19492,0.062143,0.28588,0.28585,0.063554,0.36708,0.3681,0.064276,0.44142,0.44363,0.064955,0.01071,0.010835,0.06838,0.023979,0.040806,0.00687,0.022699,0.022924,0.068738,0.033077,0.053602,0.0079875,0.036462,0.036634,0.06551,0.03918,0.063055,0.0046523,0.0050339,0.0049806,0.080446,0.019038,0.031594,-0.0042708,0.010681,0.010682,0.077982,0.025331,0.037801,3.8734e-05,0.016498,0.016457,0.070136,0.02803,0.040536,-0.0015879,0.0048954,0.0050197,0.056249,0.013368,0.023336,0.009931,0.010124,0.010251,0.057401,0.018574,0.032715,0.0066643,0.016829,0.016941,0.057817,0.023531,0.041069,0.0044286,0.00078097,0.00083481,0.11121,0.011015,0.019073,0.012904,0.0022177,0.0023165,0.10008,0.014685,0.028471,0.011487,0.0038705,0.0039707,0.086839,0.016509,0.036882,0.0081917,0.85558,91,109,91,746,2,2,2,0
60,-0.0028318,0.26881,0.26743,-0.85569,0.26624,-0.91268,0.066592,-2.4963,20.057,-0.2392,2.9949,0.0015726,6.843,12.736,0.28791,25.415,0.034345,0.85583,5.2023e+16,5.2023e+16,5.2023e+16,5.2023e+16,0,0,0,0,0,0,1,0,0,0,0,0,0,NaN,NaN,0.25116,0.44661,0.44661,0.30448,0.38975,0.16571,NaN,NaN,282,47.535,10936,4.2336e+05,16.661,279.05,87488,1776,1272,0.91423,0.94005,0.02051,0.013901,0.0043863,0.091394,1184.9,769.37,0.023545,0.0035415,0,0.034164,0,0.038194,0.0022544,0.011088,0.005249,0.026969,1.807,0.92772,0.58698,0.090625,0.43578,0.43727,0.1017,0.43496,0.40412,0.102,0.4324,0.40621,6.2346,3.4981,9810.1,20220,17668,0.078547,0.07556,0.050798,0.15614,0.15089,0.053061,0.2279,0.22113,0.054243,0.29742,0.28902,0.055757,0.36025,0.34965,0.056754,0.0080059,0.007443,0.054724,0.016294,0.033967,-0.023294,0.014685,0.013457,0.047611,0.017818,0.04174,-0.035903,0.022946,0.020881,0.044138,0.019767,0.048586,-0.047662,0.0027173,0.0025459,0.046491,0.007997,0.022252,-0.011966,0.0048752,0.0044096,0.038107,0.0076457,0.024033,-0.023551,0.0074866,0.0066645,0.034075,0.0076351,0.025539,-0.032993,0.0052356,0.0048545,0.064406,0.015262,0.023992,-0.019572,0.0097228,0.0089911,0.059017,0.018115,0.031611,-0.026204,0.015433,0.014269,0.056764,0.021417,0.038454,-0.03265,5.3016e-05,4.2626e-05,0.0080829,-0.0012994,0.010744,-0.0081339,0.00028484,0.00023173,0.013761,-0.00098336,0.017914,-0.01355,0.00081329,0.00067321,0.019536,2.3571e-05,0.025653,-0.019459,0.93239,91,109,91,746,2,2,2,0
60,-0.0022298,0.2404,0.24118,-0.87091,0.23592,-0.74224,-0.14775,-0.56625,3.5837,-0.076256,3.1033,0.00028362,2.3763,4.6977,0.25519,6.4911,0.0087718,0.87207,4.7055e+16,4.7055e+16,4.7055e+16,4.7055e+16,0,0,0,0,0,0,1,0,0,0,0,0,0,NaN,NaN,0.27065,0.38377,0.38377,0.34448,0.52,0.1803,NaN,NaN,314,50.548,13143,5.4943e+05,17.597,311.1,1.0514e+05,2032,1880,0.91286,0.94089,0.10141,0.0675,0.08463,0.33451,1635.7,890.14,0.020643,0.0029241,0,0.025672,0,0.02564,0.0011022,0.010258,0.0028567,0.010352,1.2557,3.0078,1.8212,0.094829,0.44286,0.42797,0.11435,0.46766,0.36686,0.1156,0.46445,0.36785,4.7104,3.4238,9669.3,21058,17145,0.1172,0.12105,0.087964,0.22194,0.22711,0.087537,0.31138,0.31583,0.086013,0.38279,0.38457,0.083285,0.43883,0.43808,0.080235,0.010665,0.010314,0.084606,0.026635,0.041287,-0.014422,0.020075,0.019303,0.075537,0.031149,0.051162,-0.022166,0.030924,0.029507,0.069035,0.034576,0.059056,-0.031965,0.0061992,0.0062197,0.1231,0.027628,0.035769,0.0011043,0.011504,0.011362,0.10436,0.031143,0.039406,-0.0053226,0.016676,0.016238,0.088088,0.031773,0.040985,-0.013184,0.0044485,0.00408,0.063512,0.012922,0.021636,-0.023333,0.0085319,0.0078973,0.060105,0.015976,0.029667,-0.027961,0.013858,0.012885,0.059154,0.019523,0.037108,-0.032805,1.7222e-05,1.4085e-05,0.0030473,-0.0020762,0.014419,-0.0064172,0.00029355,0.00026245,0.01646,-0.00098234,0.022154,-0.011696,0.001193,0.0010806,0.033259,0.0023133,0.030775,-0.014687,0.9994,91,109,91,746,2,2,2,0
60,-0.014378,0.38717,0.39409,-0.77806,0.35133,-0.52177,-0.3294,0.34294,2.982,0.18535,3.1464,0.00023946,3.7855,5.6948,0.44069,8.5103,0.0115,0.77908,4.7106e+16,4.7106e+16,4.7106e+16,4.7106e+16,0,0,0,0,0,0,1,0,0,0,0,0,0,NaN,NaN,0.33758,0.079556,0.33758,0.16448,0.55513,0.11919,NaN,NaN,350,30.777,4888,71789,17.097,308.28,39104,6248,4456,0.91522,0.94241,0.10839,0.071963,0.093525,0.36729,1445.2,861.63,0.024865,0.0028673,0,0.031582,0,0.026663,0.00085628,0.011036,0.0044207,0.02623,2.4337,2.4256,0.77104,0.089243,0.44597,0.4328,0.097075,0.49094,0.36927,0.098291,0.4936,0.3605,7.4954,3.4624,16054,29576,25928,0.097997,0.098704,0.055826,0.19842,0.20015,0.059397,0.29444,0.29704,0.061731,0.38575,0.39325,0.063699,0.46386,0.47833,0.064369,0.015835,0.017517,0.09534,0.038431,0.048903,0.051131,0.030121,0.033682,0.086021,0.046369,0.061352,0.074638,0.046012,0.051576,0.07796,0.051805,0.071748,0.092511,0.005757,0.0056708,0.086762,0.021905,0.027805,-0.0042924,0.0106,0.010688,0.072986,0.024344,0.031407,0.0030241,0.015642,0.015894,0.062713,0.025303,0.033958,0.0069801,0.0095313,0.011341,0.10328,0.031119,0.037402,0.071507,0.019245,0.023206,0.1029,0.041778,0.051232,0.10405,0.029802,0.036028,0.096553,0.048499,0.061855,0.12737,0.00054637,0.00050595,0.073375,0.0068532,0.01811,-0.0078679,0.0017277,0.0016243,0.073525,0.010405,0.027611,-0.0096314,0.0036879,0.0034616,0.078031,0.015068,0.037824,-0.014121,0.86136,91,109,91,746,2,2,2,0
60,-0.002517,0.25437,0.25675,-0.86192,0.24715,-0.69524,-0.19339,0.30826,3.0188,0.073441,3.1675,0.00015049,3.8411,7.35,0.27238,11.94,0.016135,0.8634,4.872e+16,4.872e+16,4.872e+16,4.872e+16,0,0,0,0,0,0,1,0,0,0,0,0,0,NaN,NaN,0.46812,0.15038,0.46812,0.34699,0.63933,0.1871,NaN,NaN,296,53.169,10888,4.0478e+05,16.742,285.16,87104,7656,5232,0.91309,0.93986,0.0896,0.060318,0.066492,0.34071,1554.1,917.56,0.023123,0.0029324,0,0.026106,0,0.023514,0.012626,0.001874,0.024067,0.0012615,3.8756,6.2255,2.7928,0.094581,0.44636,0.42679,0.11263,0.47252,0.37097,0.11425,0.47415,0.36586,4.6752,3.4143,12603,27483,24351,0.12897,0.13562,0.095239,0.2449,0.25718,0.095033,0.34412,0.35866,0.093525,0.42681,0.44102,0.091365,0.48822,0.49942,0.087827,0.012978,0.013308,0.1013,0.034227,0.046918,0.011222,0.02435,0.02526,0.090148,0.040271,0.058428,0.021486,0.037079,0.038525,0.081442,0.044426,0.066847,0.02717,0.0077104,0.0081943,0.15064,0.035577,0.041752,0.021384,0.014653,0.015888,0.13078,0.041669,0.049428,0.037314,0.021649,0.02375,0.11252,0.044141,0.053117,0.050714,0.0051085,0.0049784,0.071758,0.015763,0.023796,-0.0069401,0.0093968,0.0091187,0.065132,0.018416,0.030792,-0.010515,0.014935,0.014373,0.062726,0.021792,0.037663,-0.016642,0.00015926,0.00013542,0.027726,0.00059371,0.015882,-0.0081166,0.00045648,0.00038622,0.025183,0.00048598,0.0224,-0.013113,0.0010724,0.00090185,0.029415,0.0015734,0.029301,-0.019916,0.98975,91,109,91,746,2,2,2,0
60,-0.0072026,0.25881,0.26485,-0.8572,0.23927,-0.59078,-0.31081,0.20838,2.1816,0.084702,3.1679,0.0010932,4.0148,7.5313,0.28342,11.327,0.015307,0.85797,4.4871e+16,4.4871e+16,4.4871e+16,4.4871e+16,0,0,0,0,0,0,1,0,0,0,0,0,0,NaN,NaN,0.40137,0.23673,0.40137,0.37201,0.53167,0.14286,NaN,NaN,313,37.482,9360,2.7974e+05,17.524,309.03,74880,2576,2472,0.91285,0.94029,0.054187,0.03674,0.035128,0.25745,1098.5,684.99,0.021531,0.0027489,0,0.023181,0,0.02359,0.0093782,0.0079813,0.021666,0.021038,2.5216,3.3843,1.5332,0.093062,0.44337,0.43126,0.11266,0.46615,0.37642,0.11538,0.46906,0.37226,4.8494,3.4501,9313.1,18478,15167,0.11149,0.10679,0.068302,0.20205,0.19185,0.065045,0.26778,0.25193,0.060374,0.31898,0.29813,0.056644,0.35671,0.3314,0.053232,0.0084731,0.0080056,0.054863,0.017282,0.034539,-0.019543,0.01759,0.016746,0.054023,0.023126,0.045114,-0.023227,0.028135,0.0268,0.051265,0.026994,0.053286,-0.028015,0.0037225,0.0034934,0.060331,0.012724,0.025293,-0.014488,0.0078324,0.0075685,0.057994,0.016644,0.030194,-0.010777,0.012579,0.012335,0.054235,0.019185,0.033827,-0.0076244,0.004587,0.004371,0.053452,0.012212,0.021437,-0.012299,0.0097052,0.0091468,0.055804,0.017573,0.03056,-0.020762,0.01593,0.014865,0.055503,0.021854,0.038424,-0.029628,0.00016354,0.00014122,0.023618,0.00061225,0.014092,-0.0075667,0.00052242,0.00043554,0.023909,0.00097894,0.020194,-0.014286,0.00091012,0.00075359,0.020709,0.00054885,0.026352,-0.018419,0.97139,91,109,91,746,2,2,2,0
60,-0.00045906,0.11237,0.11164,-0.94245,0.11164,-0.93746,-0.0052976,0.46965,2.5859,0.12641,3.132,0.00010882,2.1813,6.6268,0.10806,9.8666,0.013333,0.94571,3.7631e+16,3.7631e+16,3.7631e+16,3.7631e+16,0,0,0,0,0,0,1,0,0,0,0,0,0,NaN,NaN,0.21109,0.11601,0.21109,0.3412,0.45361,0.14816,NaN,NaN,341,41.845,6546,1.5372e+05,14.704,232.1,52368,24272,5360,0.91442,0.9423,0.043698,0.028519,0.036013,0.19306,1495.8,929.23,0.02208,0.0028898,0,0.024095,0,0.02594,0.0031793,0.0065571,0.0048905,0.016805,1.5428,0.37717,0.88106,0.088487,0.44466,0.43358,0.09398,0.47414,0.3846,0.09393,0.47382,0.37969,5.0352,3.4687,6633,13775,9235.8,0.1006,0.098913,0.070915,0.19291,0.18966,0.071458,0.27768,0.27442,0.072039,0.35573,0.35516,0.07269,0.41791,0.41814,0.071764,0.012237,0.013608,0.091177,0.030981,0.046333,0.057462,0.023799,0.025922,0.084106,0.038145,0.05862,0.060678,0.03744,0.040306,0.0785,0.043965,0.069704,0.063862,0.0033746,0.0033762,0.062934,0.01183,0.024933,0.00012405,0.0065862,0.0065948,0.056115,0.013711,0.027998,0.00046528,0.01097,0.011228,0.054424,0.016618,0.031521,0.010565,0.0081851,0.0095374,0.10975,0.028815,0.035177,0.068749,0.015545,0.017738,0.10285,0.03583,0.045574,0.077039,0.024466,0.027478,0.098089,0.042298,0.055768,0.082582,0.00067777,0.00069395,0.11264,0.010036,0.023141,0.0036808,0.0021506,0.0021052,0.11325,0.015301,0.036392,-0.0044627,0.0037569,0.0035307,0.098366,0.017201,0.046854,-0.015823,0.95333,91,109,91,746,2,2,2,0
60,-0.013847,0.74092,0.73438,-0.51443,0.71418,-0.42912,-0.16584,-0.061269,2.7344,0.0014518,3.1861,0.00013018,3.863,3.922,0.96755,5.3401,0.0072163,0.51502,6.2709e+16,6.2709e+16,6.2709e+16,6.2709e+16,0,0,0,0,0,0,1,0,0,0,0,0,0,NaN,NaN,0.14229,0.18171,0.18171,0.17419,0.23206,0.10037,NaN,NaN,233,84.348,15047,9.9348e+05,14.637,219.42,1.2038e+05,18896,3256,0.90973,0.93537,0.25184,0.18034,0.17046,0.69634,2563.4,1604.6,0.020162,0.0027123,0,0.037628,0,0.042663,0.00040704,8.0428e-05,0.0021384,0.0040732,2.1035,1.7879,0.20253,0.087208,0.4328,0.45617,0.090067,0.43294,0.45664,0.089132,0.434,0.4575,16.048,3.6493,17018,44147,41275,0.080913,0.079533,0.068591,0.16248,0.16044,0.072378,0.23797,0.23549,0.074244,0.31389,0.30882,0.077132,0.38357,0.37836,0.079208,0.0052327,0.0044575,0.046884,0.0086598,0.024353,-0.036531,0.011451,0.010014,0.048663,0.012847,0.033504,-0.041577,0.018991,0.017063,0.047882,0.015708,0.041139,-0.042288,0.0014512,0.0012106,0.032547,0.0018313,0.015134,-0.021929,0.0035478,0.003126,0.03635,0.0039017,0.018773,-0.022327,0.0063008,0.0057144,0.037591,0.0055358,0.021121,-0.022538,0.0031449,0.0027567,0.050712,0.0075039,0.014961,-0.023308,0.0066312,0.0058571,0.052761,0.010941,0.022147,-0.02924,0.01073,0.0094778,0.05173,0.013197,0.028243,-0.036059,0.00063648,0.00049027,0.1272,0.010202,0.0199,-0.02199,0.0017272,0.001384,0.10938,0.012744,0.027947,-0.025911,0.0031642,0.0028215,0.099628,0.015101,0.037332,-0.018844,0.81335,91,109,91,746,2,2,2,0
60,-0.02884,0.60383,0.61972,-0.61599,0.52916,-0.38051,-0.38228,1.5811,9.4314,0.24112,3.0015,0.00091568,9.3578,10.76,0.75441,19.621,0.026515,0.61991,5.617e+16,5.617e+16,5.617e+16,5.617e+16,0,0,0,0,0,0,1,0,0,0,0,0,0,NaN,NaN,0.22658,0.12322,0.22658,0.2268,0.24815,0.10139,NaN,NaN,277,35.906,3001,67929,10.535,116.53,24008,23520,9160,0.91283,0.93885,0.058234,0.0423,0.017516,0.26735,1420.4,835.13,0.035021,0.0036972,0,0.033484,0,0.031391,0.0028748,0.042616,0.0015653,0.072385,2.2854,2.6938,1.1172,0.10117,0.4473,0.41425,0.12943,0.48663,0.32351,0.14522,0.48467,0.30503,7.9231,3.314,30394,61411,59987,0.12525,0.13356,0.064428,0.25186,0.27189,0.068079,0.36551,0.39571,0.069197,0.46528,0.5017,0.069378,0.53472,0.56666,0.067004,0.021199,0.024077,0.11526,0.051559,0.061012,0.04609,0.040217,0.047696,0.10371,0.062447,0.077319,0.082737,0.061333,0.072561,0.093839,0.070174,0.088679,0.098951,0.010931,0.013893,0.14876,0.044089,0.054347,0.065691,0.020645,0.027713,0.12836,0.051728,0.065649,0.10769,0.03061,0.041169,0.11082,0.055643,0.070669,0.12859,0.0092937,0.0092872,0.090937,0.028664,0.03113,-0.00015652,0.017866,0.018287,0.086259,0.036258,0.042384,0.0069296,0.028514,0.029203,0.08342,0.043631,0.052878,0.0088118,0.00097382,0.00089617,0.11809,0.013147,0.019685,-0.0062523,0.0023763,0.0022427,0.091317,0.014715,0.026265,-0.0060726,0.0040445,0.0037726,0.077276,0.016078,0.032774,-0.0092312,0.79558,91,109,91,746,2,2,2,0
60,-0.019618,0.63232,0.63183,-0.60607,0.58527,-0.44154,-0.27147,0.32805,2.9826,0.074327,3.1655,9.8711e-05,3.3873,3.8527,0.77097,5.1244,0.0069248,0.61094,5.8352e+16,5.8352e+16,5.8352e+16,5.8352e+16,0,0,0,0,0,0,1,0,0,0,0,0,0,NaN,NaN,0.16357,0.092548,0.16357,0.15265,0.20229,0.082589,NaN,NaN,213,86.803,12605,7.9257e+05,13.298,185.32,1.0084e+05,24456,8592,0.91006,0.93407,0.31611,0.23275,0.20758,0.79265,3210.6,1662.7,0.018065,0.002943,0,0.03793,0,0.043541,0.0016679,0.013992,0.00083425,0.022507,1.3577,0.18973,0.58011,0.084873,0.44526,0.44614,0.084614,0.46205,0.43504,0.081519,0.46187,0.44098,17.332,3.5691,23612,58837,56516,0.084845,0.086729,0.06717,0.17454,0.1775,0.072612,0.25407,0.25596,0.074027,0.32975,0.32747,0.075672,0.39692,0.39231,0.076547,0.0073114,0.0071136,0.061178,0.015636,0.03049,-0.0074039,0.017459,0.017519,0.06929,0.026061,0.045179,0.0013411,0.031411,0.031739,0.073963,0.036362,0.058496,0.005317,0.0020394,0.0015672,0.042714,0.0050663,0.016646,-0.032971,0.0046608,0.0036663,0.044597,0.0077168,0.020373,-0.04226,0.0085284,0.0068196,0.047517,0.011207,0.023488,-0.052617,0.0033108,0.0029937,0.049857,0.0080133,0.016245,-0.016534,0.0067348,0.0059552,0.050044,0.010883,0.023204,-0.027143,0.011635,0.010377,0.052389,0.014862,0.030844,-0.032877,0.0019611,0.0025527,0.36601,0.035486,0.043251,0.049422,0.0062123,0.0080066,0.36741,0.053957,0.065368,0.068268,0.011668,0.014864,0.34311,0.067234,0.083036,0.0843,0.76014,91,109,91,746,2,2,2,0
60,-0.017955,0.68673,0.69487,-0.55154,0.64096,-0.3979,-0.27856,-0.32159,7.2093,0.014326,3.0886,0.0012981,10.368,10.946,0.89472,21.139,0.028566,0.55182,6.2873e+16,6.2873e+16,6.2873e+16,6.2873e+16,0,0,0,0,0,0,1,0,0,0,0,0,0,NaN,NaN,0.54253,0.33153,0.54253,0.25832,0.3373,0.15484,NaN,NaN,247,75.19,10799,6.1447e+05,12.158,155.78,86392,48048,1944,0.91155,0.93652,0.14358,0.09979,0.10584,0.45476,1788.9,1011.6,0.029672,0.0039757,0,0.028295,0,0.028106,0.0032349,0.012705,0.007093,0.026583,0.72217,0.79696,0.53275,0.09479,0.44613,0.4265,0.1126,0.47397,0.37375,0.11695,0.47186,0.36852,6.7203,3.412,13231,32309,29737,0.11531,0.11471,0.094382,0.22342,0.22351,0.096095,0.31634,0.3199,0.095294,0.40043,0.40921,0.095008,0.47054,0.48195,0.093821,0.0095443,0.0093757,0.082569,0.023855,0.037961,-0.0060353,0.018372,0.01798,0.075385,0.028624,0.046868,-0.0096685,0.029105,0.028264,0.070857,0.032989,0.054914,-0.016197,0.0021124,0.0019614,0.045743,0.0055702,0.020247,-0.011908,0.0043621,0.0040009,0.043154,0.0067718,0.022508,-0.018225,0.0066416,0.0060096,0.038259,0.0063497,0.023332,-0.024835,0.0073034,0.0073154,0.11371,0.026954,0.03042,0.0004876,0.013847,0.013852,0.10638,0.033356,0.039723,0.0001614,0.022079,0.021951,0.10278,0.039979,0.049042,-0.0028187,0.00012842,9.885e-05,0.024781,1.878e-05,0.012889,-0.011817,0.00049224,0.00038968,0.030099,0.00085012,0.019451,-0.017283,0.0011491,0.00092696,0.034936,0.0021419,0.026365,-0.022897,0.97966,91,109,91,746,2,2,2,0
60,-0.013552,0.4891,0.50027,-0.70644,0.45221,-0.48748,-0.30995,0.4251,2.8938,0.11725,3.1647,0.00020221,4.2557,5.558,0.58471,8.6129,0.011639,0.70702,5.5311e+16,5.5311e+16,5.5311e+16,5.5311e+16,0,0,0,0,0,0,1,0,0,0,0,0,0,NaN,NaN,0.46491,0.21709,0.46491,0.43114,0.68424,0.2126,NaN,NaN,323,34.483,7228,1.6581e+05,17.143,302.18,57824,7336,6400,0.91449,0.93949,0.014654,0.01018,0.019432,0.11407,1068.3,609.39,0.024333,0.0030489,0,0.031268,0,0.03083,0.0031027,0.0039966,0.0017332,0.0054566,2.0278,2.2872,0.58781,0.092718,0.44189,0.43451,0.10794,0.46845,0.38489,0.10597,0.4705,0.38864,5.4093,3.4761,16536,32199,30032,0.11143,0.10725,0.063026,0.19981,0.19228,0.059387,0.26802,0.25896,0.055791,0.32167,0.30911,0.052739,0.36285,0.34626,0.049994,0.0067998,0.0056351,0.04065,0.011662,0.028737,-0.044599,0.012693,0.010537,0.035992,0.012827,0.036752,-0.05668,0.018738,0.015552,0.031522,0.012412,0.042751,-0.067407,0.002888,0.002436,0.043214,0.0082752,0.021086,-0.027731,0.0060447,0.0050885,0.041323,0.010637,0.025649,-0.036723,0.0093007,0.0078168,0.037023,0.011152,0.02797,-0.04457,0.003848,0.0031506,0.041399,0.0088443,0.017573,-0.034167,0.0064064,0.0052606,0.03401,0.0083148,0.023009,-0.041685,0.0091909,0.0075683,0.029565,0.0077003,0.028249,-0.048716,6.3926e-05,4.8481e-05,0.0085239,-0.0010357,0.01269,-0.0088611,0.00026862,0.00021073,0.01135,-0.0010454,0.018256,-0.011352,0.00048511,0.00037652,0.010191,-0.0016896,0.023989,-0.014537,0.91703,91,109,91,746,2,2,2,0
60,-0.0017421,0.25436,0.25426,-0.86336,0.24995,-0.75089,-0.13028,-0.38544,2.8548,-0.10287,3.1401,3.679e-05,2.7206,5.2722,0.26558,8.0006,0.010812,0.86655,4.9011e+16,4.9011e+16,4.9011e+16,4.9011e+16,0,0,0,0,0,0,1,0,0,0,0,0,0,NaN,NaN,0.42643,0.25734,0.42643,0.52365,0.59616,0.24428,NaN,NaN,339,43.82,8759,2.2953e+05,17.796,323.61,70072,5664,5008,0.91423,0.94356,0.12793,0.082883,0.10846,0.44431,2141,1221.1,0.026136,0.0032097,0,0.023075,0,0.023098,0.0034991,0.0021351,0.0049679,0.0068349,0.80733,0.14412,0.79704,0.088487,0.43999,0.44206,0.096837,0.45822,0.40958,0.098399,0.4599,0.40644,8.3577,3.5365,12777,26437,21469,0.11279,0.11375,0.081373,0.21636,0.2166,0.082025,0.3046,0.30315,0.080876,0.37954,0.37614,0.079373,0.43967,0.43429,0.077269,0.0080017,0.0077378,0.061015,0.017214,0.035499,-0.014765,0.016078,0.015509,0.058151,0.02186,0.045376,-0.021285,0.025788,0.024919,0.055337,0.025526,0.053633,-0.024983,0.004168,0.004095,0.079552,0.016213,0.028473,-0.0054846,0.0075659,0.0073287,0.065972,0.017191,0.030995,-0.01268,0.011472,0.011072,0.05825,0.018077,0.033151,-0.017072,0.0036076,0.0034564,0.049507,0.0089515,0.019799,-0.012996,0.0080711,0.0078253,0.054653,0.014304,0.029197,-0.013094,0.013944,0.013604,0.057212,0.019322,0.037397,-0.013305,0.00022606,0.00018638,0.038448,0.0018193,0.015288,-0.014735,0.00059395,0.0004952,0.032011,0.0016976,0.021897,-0.019812,0.0010109,0.00084244,0.027089,0.0011919,0.028243,-0.024256,0.83972,91,109,91,746,2,2,2,0
60,-0.002966,0.30029,0.30381,-0.83414,0.28969,-0.65434,-0.21554,0.76127,4.2021,0.10788,3.0719,0.00066564,3.6412,6.448,0.31806,9.1735,0.012397,0.83972,5.0271e+16,5.0271e+16,5.0271e+16,5.0271e+16,0,0,0,0,0,0,1,0,0,0,0,0,0,NaN,NaN,0.19532,0.32182,0.32182,0.24502,0.47587,0.14081,NaN,NaN,317,34.987,7393,1.744e+05,17.297,304.48,59144,6968,1952,0.91502,0.94339,0.14005,0.091947,0.10574,0.54352,2569.2,1250.8,0.020825,0.0027408,0,0.035544,0,0.047687,0.00055627,0.0082954,0.0041721,0.021307,3.0596,3.7066,1.1428,0.086772,0.4422,0.44433,0.091308,0.46028,0.4215,0.089833,0.4595,0.42559,12.323,3.5547,17521,32154,28513,0.1034,0.10474,0.059078,0.21416,0.21696,0.064294,0.31217,0.31798,0.065637,0.4018,0.40995,0.066543,0.48321,0.49386,0.06725,0.011005,0.010662,0.066452,0.024179,0.04382,-0.015564,0.023165,0.022436,0.066348,0.033048,0.058038,-0.021656,0.037804,0.036503,0.06424,0.040023,0.069735,-0.029328,0.0053399,0.0054269,0.080712,0.019959,0.033827,0.0057112,0.011583,0.011774,0.079985,0.027333,0.0415,0.0079682,0.01925,0.019428,0.077401,0.033379,0.04727,0.0055684,0.0048346,0.0045111,0.05254,0.012756,0.023594,-0.022594,0.011146,0.010536,0.059767,0.020717,0.034896,-0.026408,0.019288,0.018363,0.062672,0.027742,0.04529,-0.029169,0.00083008,0.00072433,0.1118,0.011512,0.026955,-0.019294,0.0022067,0.0019197,0.094185,0.014188,0.038649,-0.027845,0.0038065,0.0033448,0.080776,0.015712,0.049299,-0.032735,0.75167,91,109,91,746,2,2,2,0
60,-0.0031257,0.12255,0.12438,-0.93565,0.11228,-1.2275,0.3119,0.48767,3.7653,0.18264,3.0404,0.00034903,1.5805,4.4301,0.12693,6.1759,0.0083459,0.9364,4.2778e+16,4.2778e+16,4.2778e+16,4.2778e+16,0,0,0,0,0,0,1,0,0,0,0,0,0,NaN,NaN,0.21418,0.16381,0.21418,0.24141,0.2444,0.11705,NaN,NaN,197,110.75,17824,1.6146e+06,13.834,193.21,1.4259e+05,8752,1840,0.90804,0.93058,0.2765,0.20734,0.17074,0.69038,3231.3,1648.8,0.022166,0.0039143,0,0.032814,0,0.033947,0.0010871,0.0038,0.0043534,0.0052678,2.4549,3.8161,1.2195,0.087415,0.44706,0.43925,0.089639,0.46841,0.41477,0.087011,0.46612,0.4236,13.025,3.514,27107,80719,78658,0.091107,0.091467,0.08341,0.19153,0.19209,0.092142,0.28239,0.28264,0.095146,0.35846,0.35695,0.09513,0.42569,0.42176,0.094937,0.0082424,0.0069807,0.079757,0.020358,0.031566,-0.036793,0.016312,0.013905,0.074864,0.025271,0.040017,-0.046923,0.026052,0.022216,0.070941,0.029327,0.046646,-0.057979,0.0050739,0.0043685,0.12289,0.023792,0.028396,-0.025303,0.0087798,0.0075935,0.097151,0.024066,0.030172,-0.030655,0.012585,0.010884,0.081089,0.02358,0.030726,-0.036146,0.0026784,0.0022275,0.046643,0.0054792,0.014318,-0.023975,0.0061805,0.0052085,0.053108,0.0098864,0.021291,-0.031387,0.011135,0.0093741,0.057979,0.014752,0.027874,-0.041027,0.00049017,0.00038463,0.10579,0.0075623,0.016705,-0.014856,0.0014333,0.0011635,0.098031,0.010317,0.024462,-0.018669,0.0026833,0.0022281,0.091243,0.012503,0.031009,-0.021739,0.76895,91,109,91,746,2,2,2,0
60,-0.0016748,0.2141,0.21406,-0.88637,0.21159,-0.79113,-0.10745,-0.61479,3.3012,-0.12008,3.1138,5.6413e-05,3.491,7.3418,0.22549,10.476,0.014157,0.88702,4.6037e+16,4.6037e+16,4.6037e+16,4.6037e+16,0,0,0,0,0,0,1,0,0,0,0,0,0,NaN,NaN,0.55384,0.16882,0.55384,0.26361,0.68691,0.17858,NaN,NaN,350,18.011,2170,14757,15.893,278.15,17360,2896,2528,0.91514,0.94559,0.0011689,0.00074818,0.002092,0.050936,1430.1,913.1,0.023011,0.0027862,0,0.022103,0,0.023256,0.0042734,0.0026665,0.015127,0.028036,0.95319,0.43203,0.57297,0.088181,0.43256,0.44934,0.097411,0.45371,0.41202,0.095066,0.45554,0.41302,8.2147,3.5947,13384,20813,16860,0.11281,0.1152,0.047392,0.20993,0.21119,0.046343,0.27465,0.27248,0.042463,0.32568,0.32016,0.03966,0.36991,0.36175,0.037855,0.0118,0.012084,0.052392,0.022702,0.040548,0.013325,0.022246,0.022767,0.046849,0.02676,0.051968,0.017023,0.034536,0.035083,0.043152,0.030201,0.061426,0.014133,0.0026315,0.0024942,0.029246,0.0060744,0.022189,-0.014504,0.0056909,0.0054785,0.028895,0.0082378,0.026917,-0.013846,0.009647,0.0093575,0.028522,0.010251,0.03012,-0.014218,0.009168,0.0095898,0.073261,0.025445,0.031891,0.02202,0.016676,0.017394,0.065753,0.030065,0.042152,0.026841,0.025153,0.025972,0.060096,0.033675,0.051027,0.024442,4.0081e-09,3.1451e-09,3.9695e-07,-0.0017867,0.014338,-0.0087824,1.6924e-05,1.4046e-05,0.00053114,-0.002592,0.021983,-0.0097982,0.00019803,0.00016875,0.00309,-0.0027404,0.029955,-0.014066,0.72288,91,109,91,746,2,2,2,0
60,-0.0050351,0.43223,0.43398,-0.75196,0.42037,-0.61882,-0.17706,-1.0006,7.7664,-0.082911,3.063,0.0010256,4.8566,6.9019,0.49383,10.842,0.014652,0.75256,5.7606e+16,5.7606e+16,5.7606e+16,5.7606e+16,0,0,0,0,0,0,1,0,0,0,0,0,0,NaN,NaN,0.20882,0.46115,0.46115,0.38947,0.49542,0.18093,NaN,NaN,258,55.771,11564,5.1807e+05,15.894,254.39,92512,3536,2032,0.91273,0.93604,0.096073,0.069244,0.050574,0.37562,1860,918.28,0.023192,0.0027259,0,0.037208,0,0.029648,0.00029182,0.0082527,0.0026203,0.015008,3.8992,5.4938,1.8854,0.092614,0.44986,0.42006,0.10785,0.48264,0.34889,0.10587,0.48724,0.34325,4.9138,3.3605,18630,43270,41689,0.10123,0.099592,0.067722,0.20544,0.20553,0.072221,0.31264,0.31954,0.076975,0.42463,0.44285,0.082345,0.51836,0.545,0.084474,0.018886,0.020602,0.13354,0.051511,0.060731,0.035918,0.037072,0.040014,0.12433,0.064821,0.077277,0.042194,0.059777,0.063433,0.11894,0.07778,0.091536,0.040721,0.0063152,0.0070522,0.11177,0.026648,0.036424,0.026175,0.011979,0.01301,0.096857,0.03091,0.041848,0.025549,0.019016,0.020258,0.089528,0.035607,0.046611,0.023902,0.011688,0.012788,0.14874,0.042937,0.04474,0.029423,0.024136,0.026368,0.15155,0.059165,0.061999,0.039631,0.039948,0.043053,0.15199,0.074418,0.077499,0.041974,0.00088228,0.00076178,0.13914,0.013402,0.023124,-0.012615,0.0022525,0.0019176,0.11257,0.015766,0.031666,-0.019784,0.0040853,0.0034287,0.10151,0.018612,0.038851,-0.027598,0.98918,91,109,91,746,2,2,2,0
60,-0.0016051,0.19196,0.19091,-0.89935,0.19041,-0.85327,-0.051235,-0.66516,4.5137,-0.078565,3.0698,0.0010806,2.9509,6.6564,0.19601,10.573,0.014288,0.90162,4.537e+16,4.537e+16,4.537e+16,4.537e+16,0,0,0,0,0,0,1,0,0,0,0,0,0,NaN,NaN,0.19004,0.30479,0.30479,0.25693,0.32472,0.14456,NaN,NaN,247,87.166,18590,1.398e+06,15.585,244.26,1.4872e+05,3856,2528,0.91144,0.93558,0.32801,0.23322,0.24472,0.77179,3296,1679.4,0.034637,0.0055735,0,0.024567,0,0.024943,0.00048139,0.0013346,0.0026176,0.00050374,0.12555,0.12144,0.29086,0.093205,0.44152,0.43361,0.10601,0.45738,0.39605,0.10616,0.45694,0.39936,9.3773,3.4689,15869,40753,38131,0.11846,0.11773,0.11066,0.22847,0.22625,0.11215,0.32453,0.32222,0.11157,0.40245,0.39898,0.10897,0.45963,0.45476,0.10459,0.0093241,0.0087206,0.092059,0.02469,0.037754,-0.022359,0.018605,0.017346,0.087124,0.03121,0.047881,-0.031219,0.029377,0.027543,0.08162,0.035808,0.056379,-0.035258,0.0043026,0.004003,0.10633,0.019331,0.028557,-0.015958,0.0080566,0.007484,0.090961,0.021521,0.032075,-0.02138,0.012707,0.011914,0.08354,0.024175,0.035572,-0.023096,0.0044431,0.0042157,0.078948,0.01443,0.021356,-0.012346,0.0093513,0.0087965,0.081989,0.020623,0.0302,-0.019408,0.01523,0.01429,0.080911,0.025336,0.038207,-0.024992,0.00057838,0.00050189,0.12737,0.0094991,0.020949,-0.013432,0.001718,0.0015017,0.11989,0.013302,0.027815,-0.018159,0.0029011,0.0025538,0.10066,0.014102,0.033364,-0.020863,0.84324,91,109,91,746,2,2,2,0
60,-0.00067728,0.10732,0.10635,-0.94526,0.10633,-0.9346,-0.011272,-0.097235,2.7208,-0.0030427,3.178,0.00011098,1.6019,4.9086,0.10622,6.826,0.0092243,0.94674,3.9045e+16,3.9045e+16,3.9045e+16,3.9045e+16,0,0,0,0,0,0,1,0,0,0,0,0,0,NaN,NaN,0.23799,0.21722,0.23799,0.35559,0.47046,0.14681,NaN,NaN,245,59.694,12246,6.1293e+05,15.46,240.94,97968,6112,1192,0.91111,0.935,0.22267,0.17061,0.10452,0.67609,4004.6,1506.9,0.021028,0.0038314,0,0.031088,0,0.028433,0.0054317,0.0097105,0.0076032,0.012767,0.27843,0.83646,0.51437,0.086456,0.44508,0.44377,0.088672,0.47022,0.42082,0.084889,0.47457,0.42562,8.7002,3.5502,35275,93840,92152,0.12024,0.11115,0.078886,0.22057,0.20322,0.076044,0.29555,0.26739,0.071363,0.35154,0.31217,0.066855,0.38991,0.34155,0.062316,0.0027705,0.0020206,0.019212,-0.00023103,0.018196,-0.033765,0.0064492,0.0047594,0.021212,0.00093941,0.023105,-0.04599,0.011051,0.0081508,0.021565,0.001469,0.027468,-0.058327,0.0010258,0.00074924,0.017804,-0.00056109,0.013654,-0.022219,0.0032909,0.002459,0.026096,0.002594,0.01708,-0.033806,0.0065402,0.0048907,0.030198,0.0054281,0.02003,-0.043732,0.0016962,0.0012408,0.021167,0.00048921,0.010573,-0.025045,0.0030753,0.0022489,0.018938,-0.00035354,0.012996,-0.030642,0.0044748,0.0032491,0.016697,-0.0017197,0.015312,-0.037755,4.863e-05,3.0614e-05,0.0075216,-0.001386,0.0093014,-0.0061041,0.00013184,8.5196e-05,0.0064619,-0.0022816,0.014018,-0.0091529,0.00030615,0.00019813,0.0074604,-0.002829,0.018525,-0.014453,0.73115,91,109,91,746,2,2,2,0
60,-0.00083017,0.12993,0.13001,-0.93264,0.12767,-1.0578,0.13421,-0.048642,2.8102,0.049892,3.1863,0.00020435,2.4622,6.7166,0.13403,9.8421,0.0133,0.93288,4.3014e+16,4.3014e+16,4.3014e+16,4.3014e+16,0,0,0,0,0,0,1,0,0,0,0,0,0,NaN,NaN,0.23609,0.31763,0.31763,0.41321,0.48511,0.18194,NaN,NaN,271,58.055,8650,2.9172e+05,15.02,237.31,69200,13648,8872,0.91282,0.93897,0.19006,0.13036,0.145,0.5839,2721.9,1364.9,0.025039,0.0033571,0,0.033276,0,0.031054,0.001953,0.0064554,0.00074774,0.014855,3.7123,6.4034,2.654,0.087889,0.44734,0.43421,0.088647,0.46792,0.40641,0.083564,0.47341,0.40833,10.326,3.4737,17433,38084,35818,0.11061,0.11078,0.081283,0.22825,0.23272,0.088139,0.33032,0.33813,0.089337,0.41564,0.42405,0.088539,0.48794,0.49713,0.087347,0.013631,0.013686,0.10587,0.036339,0.050035,0.0018145,0.029353,0.029971,0.10814,0.051118,0.06884,0.013052,0.048631,0.049892,0.10629,0.063294,0.08417,0.020139,0.0056118,0.0056663,0.1091,0.024159,0.035965,0.0027514,0.011659,0.011671,0.10355,0.031337,0.0438,0.00040605,0.018485,0.018269,0.095603,0.036014,0.048524,-0.0054667,0.0074804,0.0075495,0.10456,0.026294,0.031146,0.0030724,0.016625,0.017391,0.11467,0.039803,0.047683,0.021453,0.028892,0.030591,0.12075,0.053176,0.063222,0.035056,0.00053864,0.0004702,0.093315,0.0076592,0.022357,-0.012647,0.0015618,0.0013532,0.085743,0.010366,0.031727,-0.019378,0.0026854,0.0022812,0.073298,0.011183,0.039359,-0.026987,0.79372,91,109,91,746,2,2,2,0
60,-0.019368,0.64243,0.65379,-0.58765,0.58525,-0.39737,-0.32379,0.22295,3.34,0.059357,3.1307,5.9399e-05,5.1059,5.6278,0.82092,7.6814,0.01038,0.58844,5.9156e+16,5.9156e+16,5.9156e+16,5.9156e+16,0,0,0,0,0,0,1,0,0,0,0,0,0,NaN,NaN,0.31765,0.14286,0.31765,0.25167,0.41115,0.14194,NaN,NaN,266,56.15,7759,2.6776e+05,13.123,188.31,62072,20544,17624,0.91215,0.93685,0.21401,0.15202,0.13694,0.66238,2236.6,1449.6,0.019551,0.0027508,0,0.033135,0,0.031263,0.0048572,0.011556,0.003148,0.023687,2.1904,2.5171,0.97169,0.087648,0.43503,0.44765,0.094484,0.44254,0.42958,0.091005,0.44011,0.4394,10.669,3.5812,19427,43289,40771,0.09312,0.091992,0.064349,0.18744,0.18765,0.068063,0.26696,0.26672,0.067894,0.34144,0.34049,0.068395,0.40582,0.40511,0.068314,0.010897,0.009594,0.079589,0.026291,0.03824,-0.042235,0.020213,0.018074,0.070022,0.030152,0.047037,-0.048341,0.030405,0.027586,0.062493,0.032321,0.054009,-0.050781,0.0045702,0.0038212,0.08355,0.017964,0.026024,-0.037707,0.0084234,0.0071696,0.070352,0.019655,0.029034,-0.043142,0.012032,0.010372,0.058516,0.019058,0.030177,-0.046667,0.005911,0.0053659,0.077697,0.018705,0.024868,-0.023875,0.011055,0.01002,0.071701,0.022567,0.032307,-0.031541,0.016707,0.015121,0.065661,0.024936,0.038527,-0.038195,0.00041579,0.000407,0.067736,0.005205,0.017695,-0.0018859,0.0015057,0.0015306,0.077729,0.0095595,0.027134,0.0022479,0.0033047,0.0034673,0.084821,0.014415,0.036963,0.0093702,0.82509,91,109,91,746,2,2,2,0
60,-0.0040696,0.29598,0.3004,-0.83618,0.28016,-0.61912,-0.25959,0.34209,4.1988,-0.043547,3.1336,0.00023868,3.9617,6.9282,0.3261,10.316,0.013941,0.83664,5.1116e+16,5.1116e+16,5.1116e+16,5.1116e+16,0,0,0,0,0,0,1,0,0,0,0,0,0,NaN,NaN,0.2819,0.21003,0.2819,0.23398,0.31305,0.12895,NaN,NaN,339,35.419,2806,54285,10.182,110.21,22448,20200,15704,0.91397,0.94206,0.18211,0.12043,0.15317,0.55901,1641,984.24,0.02242,0.0026741,0,0.02466,0,0.024473,0.0088404,0.021631,0.020695,0.044997,0.24816,2.0961,1.3901,0.090809,0.44593,0.43217,0.10439,0.47588,0.37968,0.10644,0.47564,0.37833,7.1835,3.4574,9258.1,17528,13002,0.12436,0.12713,0.07831,0.23036,0.23446,0.076222,0.32063,0.32457,0.074303,0.39488,0.39855,0.072077,0.45527,0.45816,0.069835,0.0080902,0.0080331,0.053844,0.016335,0.036574,-0.0030087,0.017082,0.016912,0.053923,0.022424,0.048387,-0.0058362,0.028195,0.027773,0.052806,0.027469,0.057913,-0.01099,0.0047687,0.0047006,0.07944,0.018123,0.029761,-0.0045561,0.0091069,0.008921,0.069309,0.020903,0.034084,-0.0085038,0.013871,0.013586,0.061472,0.022482,0.037093,-0.010372,0.0029591,0.0029922,0.035443,0.0056803,0.018698,0.0030396,0.0077337,0.0078898,0.045707,0.01242,0.029601,0.0081994,0.014263,0.014357,0.051079,0.018692,0.038781,0.0034493,0.00036243,0.00034031,0.053801,0.004045,0.021385,-0.0066277,0.0012422,0.0011887,0.058434,0.0069394,0.030273,-0.0071503,0.0024659,0.0023443,0.057672,0.0091261,0.039013,-0.010932,0.84542,91,109,91,746,2,2,2,0
60,-0.021624,0.71838,0.71702,-0.53105,0.67625,-0.40442,-0.23845,0.02705,5.3019,-0.044875,3.1372,0.00052619,7.1566,7.3995,0.93293,12.468,0.016849,0.53204,6.2562e+16,6.2562e+16,6.2562e+16,6.2562e+16,0,0,0,0,0,0,1,0,0,0,0,0,0,NaN,NaN,0.24825,0.20482,0.24825,0.28135,0.50999,0.1732,NaN,NaN,308,27.721,1747,23029,8.9588,92.037,13976,12752,5464,0.91402,0.94091,0.060224,0.041821,0.028575,0.26671,1134.8,686,0.026665,0.0027023,0,0.026303,0,0.032865,0.0013227,0.012972,0.0012833,0.028453,3.1933,4.5795,1.853,0.098278,0.44105,0.42665,0.12174,0.46918,0.35765,0.13929,0.46319,0.33703,6.6039,3.4132,27581,47832,46068,0.12371,0.12952,0.056757,0.23889,0.25348,0.057594,0.32615,0.34424,0.055072,0.40157,0.41422,0.053407,0.45062,0.4567,0.050363,0.013675,0.014411,0.066316,0.028711,0.045849,0.018775,0.026821,0.028818,0.06169,0.035861,0.058049,0.033956,0.040711,0.044843,0.055556,0.039563,0.067522,0.055848,0.0087678,0.0102,0.10642,0.032414,0.044366,0.045063,0.016929,0.020414,0.093877,0.038822,0.052523,0.07411,0.0255,0.031887,0.08234,0.04232,0.057957,0.10842,0.004794,0.0041248,0.041838,0.011269,0.021051,-0.029173,0.0097464,0.0083042,0.041971,0.01527,0.028712,-0.040389,0.015063,0.012872,0.039306,0.017332,0.035039,-0.047813,0.00011352,8.5989e-05,0.012278,-0.00020454,0.012437,-0.0092568,0.00034058,0.00025467,0.011674,-0.0004338,0.01887,-0.013412,0.00090448,0.00070575,0.015414,0.00044747,0.026991,-0.020427,0.81197,91,109,91,746,2,2,2,0
60,-0.00087015,0.24794,0.24752,-0.86727,0.24532,-0.94899,0.09423,-0.32616,2.5791,-0.094459,3.1642,0.00016961,2.8823,5.6489,0.25965,7.9067,0.010685,0.86965,5.0217e+16,5.0217e+16,5.0217e+16,5.0217e+16,0,0,0,0,0,0,1,0,0,0,0,0,0,NaN,NaN,0.13516,0.19489,0.19489,0.25147,0.30891,0.10243,NaN,NaN,354,31.573,4723,67975,16.572,295.65,37784,6152,5336,0.91466,0.94029,0.015083,0.010316,0.0051012,0.1052,1123.6,701.44,0.021182,0.0027845,0,0.031878,0,0.03007,0.0086453,0.0082102,0.015894,0.014218,1.8786,2.0457,0.65572,0.09815,0.44385,0.42317,0.12601,0.47452,0.34364,0.12877,0.47345,0.34034,5.3483,3.3854,15095,30036,27610,0.086295,0.080957,0.051631,0.17845,0.1691,0.056106,0.2639,0.25482,0.05811,0.34831,0.34204,0.060409,0.42234,0.42125,0.061555,0.013122,0.013206,0.082983,0.031177,0.046068,0.002515,0.027196,0.027804,0.081572,0.041775,0.060155,0.011985,0.043112,0.044066,0.07672,0.048824,0.070857,0.014442,0.0082301,0.0085182,0.13027,0.03448,0.040353,0.010668,0.015436,0.016074,0.11163,0.039836,0.04653,0.016208,0.022748,0.02369,0.095786,0.042151,0.050232,0.019229,0.0040122,0.0036364,0.045662,0.0097602,0.021542,-0.020637,0.0095877,0.009264,0.053842,0.01705,0.031571,-0.010984,0.017349,0.017303,0.059036,0.024469,0.041369,-0.0011135,0.00088006,0.0010516,0.12413,0.012623,0.025432,0.023138,0.0027284,0.0031005,0.12195,0.018724,0.036938,0.024205,0.0049407,0.0055455,0.1098,0.022172,0.046619,0.026611,0.9335,91,109,91,746,2,2,2,0
60,-0.039901,0.82024,0.84162,-0.39655,0.719,-0.24518,-0.38171,0.88952,10.33,0.16829,2.973,0.0035592,11.25,10.259,1.1995,19.368,0.026173,0.3977,6.3797e+16,6.3797e+16,6.3797e+16,6.3797e+16,0,0,0,0,0,0,1,0,0,0,0,0,0,NaN,NaN,0.2757,0.13027,0.2757,0.18092,0.39079,0.14019,NaN,NaN,289,33.727,6110,1.3094e+05,16.418,275.42,48880,5584,2888,0.91419,0.93962,0.0593,0.041775,0.0261,0.25529,1326,708.03,0.030297,0.0033982,0,0.031699,0,0.025774,0.0023687,0.0074051,0.0023322,0.018281,0.26477,0.12948,0.033735,0.093584,0.44647,0.42403,0.11711,0.47671,0.34419,0.1182,0.4833,0.33356,6.5643,3.3922,25379,47784,45984,0.11336,0.11365,0.057238,0.20529,0.21129,0.054471,0.28645,0.29739,0.05323,0.37245,0.39497,0.054514,0.45147,0.48414,0.055531,0.020721,0.023239,0.11059,0.049747,0.060527,0.048353,0.038493,0.043031,0.097437,0.058743,0.074945,0.060854,0.057882,0.064392,0.086927,0.064832,0.086432,0.070238,0.0063349,0.0082958,0.084622,0.023181,0.038249,0.068103,0.012243,0.015669,0.074716,0.027533,0.045026,0.080477,0.018726,0.023182,0.066545,0.030252,0.048728,0.083025,0.013976,0.014594,0.13424,0.045632,0.044691,0.014471,0.026756,0.028541,0.1268,0.057695,0.060183,0.028716,0.041512,0.045571,0.11921,0.067401,0.074866,0.051501,0.00041001,0.00034846,0.048805,0.0043476,0.015875,-0.0084089,0.00095365,0.00080839,0.035972,0.0040718,0.022744,-0.012857,0.0018614,0.0015544,0.03491,0.005181,0.030294,-0.018521,0.85591,91,109,91,746,2,2,2,0
60,-0.025095,0.8423,0.83785,-0.40129,0.79588,-0.31148,-0.2238,-0.0026705,4.1795,0.080587,3.1262,0.00018341,7.3528,6.7271,1.1915,9.5789,0.012945,0.40216,6.4149e+16,6.4149e+16,6.4149e+16,6.4149e+16,0,0,0,0,0,0,1,0,0,0,0,0,0,NaN,NaN,0.39496,0.23409,0.39496,0.19062,0.41041,0.13632,NaN,NaN,281,59.559,6578,2.8079e+05,11.482,135.22,52624,47424,5856,0.9122,0.93828,0.19359,0.13323,0.15055,0.56457,2289.5,1246.7,0.019176,0.0025732,0,0.031831,0,0.031635,0.0019627,0.0077383,0.00089668,0.018325,0.21724,0.70412,0.40809,0.089256,0.44204,0.44235,0.09718,0.45799,0.42006,0.096243,0.46112,0.41922,9.346,3.5388,9617.8,21557,18743,0.088263,0.087109,0.06727,0.18291,0.18171,0.073256,0.27546,0.27698,0.077266,0.36702,0.37041,0.081085,0.45545,0.46567,0.084557,0.009334,0.0094446,0.075189,0.022276,0.038653,0.0044765,0.01983,0.020093,0.075767,0.030848,0.051706,0.0068989,0.033227,0.033736,0.075322,0.038703,0.063397,0.010038,0.0051719,0.0057233,0.10428,0.022196,0.032754,0.02955,0.010595,0.011662,0.097593,0.028222,0.039725,0.037903,0.017548,0.019293,0.094127,0.034273,0.045998,0.04707,0.0039172,0.0035284,0.056788,0.010611,0.020237,-0.02484,0.0090292,0.0082848,0.064589,0.017604,0.030175,-0.029079,0.015585,0.01443,0.067552,0.023638,0.039465,-0.032809,0.00024493,0.00019287,0.044007,0.0022291,0.016123,-0.013965,0.00061475,0.00047992,0.035001,0.0019353,0.023091,-0.019864,0.0010691,0.00084981,0.030264,0.0015789,0.029974,-0.024211,0.88328,91,109,91,746,2,2,2,0
60,-0.021513,0.71355,0.73427,-0.51453,0.64771,-0.33787,-0.34335,-0.89517,10.778,0.0087079,3.122,0.00047683,12.9,13.113,0.96522,23.338,0.031537,0.51568,6.3189e+16,6.3189e+16,6.3189e+16,6.3189e+16,0,0,0,0,0,0,1,0,0,0,0,0,0,NaN,NaN,0.40849,0.20673,0.40849,0.42969,0.44879,0.20698,NaN,NaN,329,35.933,7695,1.81e+05,17.757,319.7,61560,3512,2352,0.91455,0.94161,0.12125,0.080547,0.099577,0.45064,1358.6,851.33,0.01921,0.0030022,0,0.022651,0,0.022486,0.0071512,0.00073682,0.013847,0.0072052,0.087892,0.49244,0.061114,0.090836,0.44148,0.43767,0.109,0.46866,0.38496,0.11088,0.47109,0.3826,6.4504,3.5014,9053.8,17049,12716,0.099329,0.099781,0.059766,0.18528,0.18306,0.058582,0.25537,0.24962,0.056551,0.31253,0.30286,0.054511,0.36102,0.34834,0.052916,0.0088223,0.0085744,0.056107,0.018189,0.035039,-0.011205,0.016735,0.016015,0.05048,0.021225,0.044034,-0.022341,0.025559,0.024272,0.045742,0.022929,0.051428,-0.031575,0.0031173,0.0029557,0.049623,0.0096586,0.023435,-0.012525,0.0065744,0.0061818,0.047812,0.012612,0.02816,-0.019798,0.010681,0.010039,0.045232,0.014669,0.031248,-0.024296,0.0055588,0.0055034,0.063622,0.016012,0.024222,-0.0031093,0.010019,0.0097245,0.056584,0.018256,0.031029,-0.011639,0.014911,0.014271,0.051026,0.019581,0.037371,-0.020438,0.00014622,0.00011526,0.020741,0.00031538,0.011638,-0.010331,0.00018477,0.00014556,0.0083053,-0.0017557,0.017286,-0.010466,0.00021508,0.00017007,0.0048067,-0.0031971,0.023748,-0.011722,0.88936,91,109,91,746,2,2,2,0
60,-0.02072,0.76685,0.7936,-0.45314,0.69609,-0.29431,-0.35052,-0.84067,17.112,0.073639,3.0277,0.0036674,11.188,10.694,1.0916,18.634,0.025181,0.45328,6.5076e+16,6.5076e+16,6.5076e+16,6.5076e+16,0,0,0,0,0,0,1,0,0,0,0,0,0,NaN,NaN,0.33629,0.24127,0.33629,0.20137,0.40653,0.14952,NaN,NaN,258,43.45,7133,2.0607e+05,14.911,231.44,57064,11616,5328,0.91296,0.93835,0.097632,0.070513,0.033205,0.43207,1796.3,907.53,0.026995,0.0035137,0,0.037638,0,0.028951,0.011029,0.016277,0.020886,0.023303,1.2507,2.8472,1.2004,0.091369,0.45264,0.42063,0.10466,0.49096,0.34854,0.10377,0.49535,0.3456,7.5488,3.365,18689,38928,36895,0.10238,0.10391,0.05658,0.19461,0.19262,0.056519,0.2847,0.28364,0.057908,0.37368,0.37666,0.059864,0.4482,0.45484,0.060341,0.012552,0.012132,0.073319,0.028282,0.040513,-0.010113,0.024326,0.023304,0.067397,0.034691,0.05219,-0.01707,0.039473,0.038112,0.064886,0.041727,0.063446,-0.017549,0.002636,0.0022564,0.038542,0.0070028,0.017888,-0.020527,0.0053558,0.0044724,0.035776,0.0084774,0.021403,-0.031006,0.0083162,0.0068985,0.032347,0.0088654,0.023418,-0.038692,0.0097735,0.0097688,0.10275,0.031576,0.036015,-0.00012927,0.019214,0.019143,0.099666,0.041059,0.048428,-0.0013214,0.031695,0.031769,0.099622,0.051446,0.060902,0.0010613,0.00014214,0.00010701,0.01852,0.00023635,0.011747,-0.014207,0.00083635,0.00065617,0.034531,0.003356,0.021354,-0.018983,0.0022628,0.0019026,0.04645,0.0074934,0.031809,-0.020872,0.81048,91,109,91,746,2,2,2,0
60,-0.0026052,0.484,0.48152,-0.71961,0.48152,-0.71696,-0.0036768,0.15304,3.9541,-0.013578,3.1366,0.00035193,3.5055,4.6951,0.55595,6.4545,0.0087223,0.72108,6.1189e+16,6.1189e+16,6.1189e+16,6.1189e+16,0,0,0,0,0,0,1,0,0,0,0,0,0,NaN,NaN,0.35012,0.27681,0.35012,0.36724,0.57853,0.18126,NaN,NaN,299,27.746,6413,1.3742e+05,17.097,294.51,51304,1792,1464,0.91446,0.94427,0.10559,0.068409,0.087467,0.45938,1689.6,858.88,0.017329,0.0022456,0,0.034672,0,0.042936,0.0048434,0.00684,0.014395,0.023184,2.1333,2.3582,0.35271,0.091217,0.44421,0.43277,0.10493,0.47612,0.37135,0.10758,0.47764,0.36534,8.6532,3.4621,15541,25873,21983,0.080501,0.078253,0.038777,0.1777,0.17352,0.044981,0.26668,0.26162,0.047277,0.35581,0.35494,0.049682,0.44865,0.45384,0.052645,0.011611,0.011445,0.059113,0.023819,0.040127,-0.0074994,0.02194,0.0215,0.052981,0.028142,0.051616,-0.013706,0.034073,0.033198,0.048817,0.031757,0.061531,-0.021485,0.0046604,0.004607,0.059391,0.015344,0.027366,-0.0038452,0.0094542,0.0092778,0.055043,0.019198,0.033514,-0.0084665,0.015342,0.015055,0.05201,0.022623,0.038037,-0.010423,0.0068118,0.0067188,0.062414,0.018804,0.025976,-0.0054436,0.012262,0.01211,0.055438,0.021666,0.034573,-0.0061998,0.018271,0.017919,0.050055,0.023591,0.042328,-0.011655,0.00013841,0.00011882,0.015717,0.00016428,0.018864,-0.011513,0.00070668,0.00061057,0.02543,0.0021948,0.027189,-0.019541,0.001744,0.0015305,0.031202,0.004494,0.03672,-0.024964,0.79656,91,109,91,746,2,2,2,0
60,-0.02649,0.69926,0.69757,-0.54908,0.63568,-0.38553,-0.29787,-0.64456,11.318,0.14966,3.0874,0.00058665,12.341,12.995,0.89955,24.541,0.033163,0.54938,6.004e+16,6.004e+16,6.004e+16,6.004e+16,0,0,0,0,0,0,1,0,0,0,0,0,0,NaN,NaN,0.20232,0.1707,0.20232,0.23232,0.3448,0.14518,NaN,NaN,333,33.73,6355,1.2524e+05,17.182,305.79,50840,8232,3128,0.91471,0.94214,0.13541,0.089762,0.11712,0.47929,1514.1,919.72,0.027557,0.0032612,0,0.029479,0,0.034198,0.0056773,0.013147,0.017133,0.028314,2.9371,3.0198,0.57838,0.091803,0.44282,0.42907,0.1085,0.46708,0.36268,0.10979,0.46793,0.35467,7.3867,3.4325,9713.2,18126,14090,0.097837,0.099625,0.05801,0.20296,0.20787,0.063237,0.29431,0.3011,0.064222,0.38183,0.39176,0.065627,0.46253,0.47647,0.066806,0.017664,0.020525,0.1107,0.044748,0.058554,0.093907,0.033296,0.038002,0.098972,0.053551,0.072609,0.10768,0.050985,0.057177,0.089915,0.060196,0.083524,0.11237,0.006025,0.0061898,0.094509,0.023653,0.034815,0.009434,0.012273,0.012809,0.08795,0.029965,0.042249,0.020083,0.018575,0.019665,0.077511,0.032483,0.046227,0.032026,0.011167,0.013887,0.12595,0.038291,0.044259,0.1118,0.021314,0.026004,0.11862,0.048139,0.057887,0.13375,0.033893,0.040204,0.11429,0.057757,0.069784,0.1403,0.00047246,0.00044772,0.06604,0.0057605,0.018638,-0.0058464,0.0014439,0.0013587,0.063956,0.008346,0.028715,-0.0097884,0.0027338,0.0024809,0.060206,0.010282,0.03816,-0.019857,0.83423,91,109,91,746,2,2,2,0
60,-0.004369,0.27095,0.2708,-0.85372,0.26193,-0.69915,-0.18105,0.51707,4.2856,0.075699,3.1643,0.00049634,4.8422,9.0313,0.28669,14.337,0.019374,0.85607,4.771e+16,4.771e+16,4.771e+16,4.771e+16,0,0,0,0,0,0,1,0,0,0,0,0,0,NaN,NaN,0.26442,0.10377,0.26442,0.26349,0.40713,0.15385,NaN,NaN,416,22.526,2594,27995,13.067,184.38,20752,16408,5040,0.91587,0.94446,0.035005,0.022606,0.026842,0.17432,1185.7,757.86,0.019538,0.0024641,0,0.025711,0,0.027161,0.0032955,0.0015512,0.011613,0.0020019,1.3478,1.335,0.30738,0.090185,0.4418,0.43594,0.10374,0.46658,0.38032,0.10443,0.46926,0.37392,5.0029,3.4875,6050.6,11090,7908.1,0.089956,0.088176,0.051404,0.17571,0.17302,0.052761,0.25473,0.25113,0.053571,0.33187,0.32906,0.054972,0.39358,0.39031,0.054787,0.010987,0.011182,0.066356,0.02413,0.041108,0.0091324,0.020821,0.020817,0.059646,0.028539,0.051524,-0.00013543,0.031407,0.031357,0.05338,0.030785,0.059308,-0.0012706,0.0050232,0.0052053,0.075939,0.018457,0.029903,0.012567,0.0091725,0.0094547,0.063351,0.020091,0.033571,0.013362,0.013252,0.013721,0.053294,0.020017,0.035184,0.018101,0.0054868,0.0055629,0.059639,0.015314,0.025516,0.0049815,0.010761,0.010718,0.057715,0.019716,0.035356,-0.0018997,0.01763,0.01766,0.057297,0.024462,0.044245,0.0010382,0.00047667,0.00041369,0.064213,0.0057215,0.017464,-0.016679,0.0013711,0.0011951,0.05853,0.0076185,0.02548,-0.022754,0.0022345,0.0019536,0.047426,0.0074733,0.032906,-0.026109,0.91811,91,109,91,746,2,2,2,0
60,-0.0015463,0.29264,0.29061,-0.84202,0.29056,-0.85217,0.012053,-0.049709,2.6408,0.053208,3.1797,0.00014949,4.1081,7.3137,0.31466,10.667,0.014415,0.84239,5.3676e+16,5.3676e+16,5.3676e+16,5.3676e+16,0,0,0,0,0,0,1,0,0,0,0,0,0,NaN,NaN,0.25874,0.29808,0.29808,0.30546,0.35936,0.1488,NaN,NaN,351,37.311,4312,66186,13.755,219.58,34496,11704,6400,0.91221,0.93912,0.10303,0.070908,0.073888,0.39704,1387.8,782.53,0.020222,0.0028578,0,0.027981,0,0.030291,0.0070901,0.01722,0.014105,0.033176,0.77178,0.54131,0.059189,0.096762,0.44746,0.42428,0.11912,0.47244,0.36709,0.12245,0.47358,0.36077,5.1837,3.3942,14085,30352,28468,0.09253,0.090033,0.061714,0.17971,0.17556,0.062982,0.25937,0.25578,0.063664,0.334,0.33049,0.064574,0.40019,0.39843,0.065019,0.01589,0.019567,0.11201,0.041827,0.058314,0.09715,0.028987,0.034757,0.096921,0.047887,0.070043,0.10914,0.044532,0.051944,0.088341,0.053829,0.079856,0.11092,0.012296,0.016107,0.21696,0.057329,0.066743,0.11289,0.020851,0.026859,0.16808,0.05971,0.070666,0.13136,0.029649,0.037463,0.13917,0.061191,0.072487,0.14022,0.0026148,0.0022351,0.033172,0.0043892,0.01525,-0.024861,0.0055659,0.0047734,0.034842,0.0066718,0.022641,-0.034769,0.010549,0.0093751,0.040014,0.011286,0.031051,-0.036824,0.00097916,0.0012249,0.15396,0.015099,0.028403,0.033937,0.0030997,0.0036124,0.15444,0.02295,0.040435,0.031219,0.0054868,0.0061664,0.13592,0.026533,0.050106,0.028599,0.94568,91,109,91,746,2,2,2,0
60,-0.010376,0.81299,0.8115,-0.43291,0.79819,-0.37747,-0.12807,-2.1547,16.662,-0.18843,2.8696,0.0083894,9.7015,9.1094,1.1312,16.981,0.022947,0.43324,6.9048e+16,6.9048e+16,6.9048e+16,6.9048e+16,0,0,0,0,0,0,1,0,0,0,0,0,0,NaN,NaN,0.42727,0.48282,0.48282,0.25585,0.33888,0.15031,NaN,NaN,252,50.687,6007,2.5321e+05,11.116,125.33,48056,42432,2856,0.91378,0.93687,0.018276,0.01325,0.015927,0.11587,1115.4,658.25,0.01877,0.0028309,0,0.043653,0,0.0419,0.0052301,0.0095015,0.0076234,0.017953,1.4941,2.0455,0.84135,0.096366,0.45834,0.41055,0.11734,0.51379,0.31548,0.12559,0.52715,0.2977,6.1804,3.2844,24770,55061,53327,0.090572,0.086997,0.05435,0.18665,0.18,0.058856,0.28345,0.27822,0.062599,0.37736,0.37509,0.065641,0.46292,0.4668,0.067669,0.011819,0.010223,0.074961,0.027266,0.039476,-0.040362,0.0227,0.019378,0.068288,0.032966,0.049622,-0.056553,0.034585,0.029481,0.061727,0.036267,0.057397,-0.069243,0.0030485,0.0027437,0.048396,0.0093098,0.021335,-0.015073,0.0060174,0.0050889,0.043643,0.010878,0.024628,-0.030752,0.0095278,0.0078295,0.040238,0.012013,0.02676,-0.043715,0.0085075,0.0072626,0.097109,0.027839,0.030645,-0.037155,0.016671,0.014389,0.093894,0.036013,0.041006,-0.045171,0.025545,0.022259,0.08718,0.041151,0.049808,-0.051665,0.00026297,0.00021635,0.037201,0.0022761,0.016569,-0.0094557,0.00062883,0.00050521,0.02819,0.0018266,0.02255,-0.01246,0.0010011,0.00077974,0.022313,0.0010322,0.027417,-0.017762,0.96269,91,109,91,746,2,2,2,0
60,-0.0021226,0.34931,0.35057,-0.80558,0.34291,-0.92471,0.14789,-0.22719,2.5082,-0.082424,3.1836,0.00029577,2.6227,4.2364,0.38226,5.8111,0.0078528,0.80804,5.7109e+16,5.7109e+16,5.7109e+16,5.7109e+16,0,0,0,0,0,0,1,0,0,0,0,0,0,NaN,NaN,0.2912,0.11675,0.2912,0.2887,0.49006,0.14332,NaN,NaN,338,26.05,3745,44530,16.307,284.53,29960,6128,3832,0.91379,0.94109,0.0024596,0.0016951,0.013187,0.06072,1037.4,705.91,0.019007,0.002621,0,0.029949,0,0.030197,0.0030959,0.0008914,0.0024316,0.0030207,3.0018,3.438,0.65906,0.097832,0.44842,0.42033,0.13022,0.4732,0.34372,0.13413,0.47627,0.33598,5.8809,3.3626,12454,22849,20844,0.084174,0.076863,0.042443,0.17143,0.15903,0.045422,0.26071,0.24919,0.04838,0.35314,0.3469,0.051615,0.43324,0.4326,0.053214,0.016038,0.015358,0.085471,0.036687,0.048059,-0.016625,0.028687,0.027402,0.072515,0.040989,0.05887,-0.022581,0.043082,0.041383,0.064612,0.044719,0.068329,-0.023941,0.0092073,0.0092682,0.12282,0.035962,0.040946,0.0018997,0.014891,0.014846,0.090748,0.034979,0.043515,-0.0010689,0.02092,0.020672,0.074238,0.034819,0.045278,-0.0048985,0.0054991,0.0047736,0.052743,0.014416,0.022721,-0.030857,0.010687,0.00949,0.050576,0.01832,0.031022,-0.034567,0.017612,0.016487,0.050506,0.02292,0.0406,-0.024954,0.0013312,0.0013161,0.15824,0.018508,0.029473,-0.0014385,0.0035082,0.0035087,0.13215,0.02292,0.040433,2.6627e-05,0.0062709,0.0064241,0.11744,0.026872,0.050769,0.005657,0.86167,91,109,91,746,2,2,2,0
60,-0.0026118,0.27366,0.27541,-0.85101,0.26502,-1.0163,0.19421,0.35222,2.7988,0.1186,3.1498,4.3979e-05,2.6064,4.821,0.29153,6.5038,0.0087889,0.8536,5.4119e+16,5.4119e+16,5.4119e+16,5.4119e+16,0,0,0,0,0,0,1,0,0,0,0,0,0,NaN,NaN,0.14009,0.16455,0.16455,0.35363,0.3903,0.20166,NaN,NaN,279,40.075,7884,2.2715e+05,16.054,263.87,63072,8496,4048,0.91396,0.93972,0.039717,0.028042,0.024683,0.1995,860.37,543.35,0.016172,0.0022403,0,0.026189,0,0.03,0.0054802,0.0079039,0.013471,0.01405,0.21195,0.41619,0.61219,0.099277,0.44181,0.42354,0.13153,0.45993,0.353,0.13574,0.46056,0.34056,4.4041,3.3884,14012,28327,26587,0.077975,0.074395,0.04312,0.15694,0.15056,0.045605,0.24128,0.23592,0.049106,0.33294,0.33177,0.05337,0.40828,0.40913,0.055,0.016568,0.018986,0.096836,0.039996,0.054451,0.056056,0.03076,0.035296,0.085276,0.046884,0.066686,0.0728,0.045392,0.051359,0.074661,0.05015,0.074402,0.077182,0.012112,0.015016,0.1772,0.051255,0.059699,0.077938,0.021677,0.026708,0.14489,0.056716,0.066296,0.094785,0.030475,0.036688,0.1186,0.057431,0.067579,0.096386,0.0029386,0.0023485,0.030911,0.0052383,0.014766,-0.031911,0.0055389,0.004551,0.028749,0.0059953,0.02006,-0.036996,0.0089925,0.0078468,0.028282,0.0072268,0.025693,-0.033288,0.0015171,0.0016217,0.19778,0.022393,0.033358,0.0095575,0.0045042,0.0049136,0.18608,0.031721,0.047916,0.018236,0.0084354,0.0093463,0.17326,0.039319,0.060274,0.027808,1.0006,91,109,91,746,2,2,2,0
60,-0.0037552,0.61376,0.60976,-0.62404,0.60968,-0.61668,-0.011789,0.0803,3.2842,-0.026802,3.1555,1.7067e-05,3.6425,4.2142,0.74512,5.6938,0.0076943,0.62586,6.398e+16,6.398e+16,6.398e+16,6.398e+16,0,0,0,0,0,0,1,0,0,0,0,0,0,NaN,NaN,0.098139,0.17419,0.17419,0.28193,0.335,0.15728,NaN,NaN,245,74.094,12531,6.5034e+05,15.123,233.64,1.0025e+05,10440,7840,0.9131,0.94007,0.1949,0.13143,0.1533,0.57694,2513.5,1468.4,0.023112,0.0031276,0,0.032669,0,0.038741,0.0063929,0.010669,0.0087997,0.023031,0.075097,0.88433,0.68904,0.08748,0.44934,0.4362,0.091912,0.4801,0.40097,0.091721,0.48401,0.3991,10.847,3.4896,15079,34245,30979,0.11048,0.11127,0.08863,0.21541,0.22087,0.090808,0.31176,0.32227,0.092045,0.40594,0.41982,0.094397,0.48762,0.50347,0.09529,0.013026,0.01309,0.11044,0.035874,0.047392,0.0023766,0.026272,0.026284,0.10566,0.046412,0.061623,0.00028794,0.041695,0.041807,0.099486,0.05428,0.07313,0.0021256,0.0049047,0.0052368,0.10409,0.021277,0.031219,0.019572,0.0099744,0.010499,0.096711,0.026755,0.036909,0.020688,0.016278,0.016913,0.091901,0.031818,0.041648,0.018986,0.0067655,0.0066097,0.10324,0.024168,0.029676,-0.0078313,0.013306,0.013007,0.10019,0.031337,0.040472,-0.010056,0.020994,0.020689,0.095784,0.037009,0.049596,-0.00802,0.0013555,0.001244,0.25635,0.023926,0.030291,-0.01414,0.0034084,0.0031394,0.20427,0.028108,0.041454,-0.018182,0.0056739,0.0053033,0.16906,0.030327,0.050485,-0.018753,0.82669,91,109,91,746,2,2,2,0
